size_m2,rooms,area,pets_allowed,floor,housing_type,rent_kr,listed_date,kilde,befolkningstal,andel_studerende_pct,afstand_til_centrum_km,price_per_m2,listed_month,is_almen
79.0,4,Viby,0,2,privat,9250.0,2025-06-03,boligportal,15600,28,6.0,117.1,6,0
55.0,2,Skejby,0,1,privat,7125.0,2025-07-17,boligportal,6700,8,7.8,129.5,7,0
64.0,2,Trøjborg,1,2,almen,6575.0,2026-01-26,boligportal,7300,45,2.1,102.7,1,1
69.0,3,Aarhus C,0,1,privat,12625.0,2026-04-05,boligportal,8200,18,0.5,183.0,4,0
70.0,2,Vejlby,0,2,privat,8625.0,2026-05-29,boligportal,9800,20,5.2,123.2,5,0
16.0,1,Hasle,0,3,privat,2200.0,2026-01-05,boligportal,10300,19,3.9,137.5,1,0
62.0,2,Trøjborg,1,2,privat,9150.0,2024-09-13,boligportal,7300,45,2.1,147.6,9,0
61.0,3,Vejlby,1,2,almen,5475.0,2024-10-29,boligportal,9800,20,5.2,89.8,10,1
51.0,2,Risskov,1,3,privat,8600.0,2025-03-08,boligportal,9400,12,4.8,168.6,3,0
80.0,4,Vejlby,0,4+,privat,8850.0,2026-01-20,boligportal,9800,20,5.2,110.6,1,0
29.0,1,Risskov,0,3,privat,4550.0,2026-04-14,boligportal,9400,12,4.8,156.9,4,0
52.0,2,Viby,0,stuen,privat,6050.0,2026-05-11,boligportal,15600,28,6.0,116.3,5,0
69.0,3,Trøjborg,0,1,almen,6875.0,2024-10-24,boligportal,7300,45,2.1,99.6,10,1
58.0,2,Centrum,0,3,privat,10075.0,2024-12-28,boligportal,6100,22,0.2,173.7,12,0
41.0,1,Risskov,1,3,privat,5425.0,2024-12-01,boligportal,9400,12,4.8,132.3,12,0
94.0,3,Vejlby,0,3,privat,10650.0,2025-09-15,boligportal,9800,20,5.2,113.3,9,0
16.0,1,Centrum,0,1,privat,2925.0,2025-08-02,boligportal,6100,22,0.2,182.8,8,0
84.0,2,Vejlby,0,4+,privat,11100.0,2025-09-07,boligportal,9800,20,5.2,132.1,9,0
78.0,2,Risskov,0,stuen,privat,12050.0,2025-07-08,boligportal,9400,12,4.8,154.5,7,0
66.0,3,Vejlby,0,2,privat,6950.0,2025-05-23,boligportal,9800,20,5.2,105.3,5,0
113.0,4,Aarhus C,0,2,almen,14225.0,2026-03-02,boligportal,8200,18,0.5,125.9,3,1
61.0,3,Åbyhøj,1,3,privat,6725.0,2025-06-06,boligportal,11200,15,3.5,110.2,6,0
50.0,2,Aarhus C,1,1,almen,5725.0,2025-03-10,boligportal,8200,18,0.5,114.5,3,1
79.0,3,Vejlby,1,2,almen,5875.0,2024-08-23,boligportal,9800,20,5.2,74.4,8,1
70.0,3,Vejlby,1,4+,almen,5975.0,2024-08-17,boligportal,9800,20,5.2,85.4,8,1
38.0,1,Centrum,0,1,privat,7000.0,2025-07-04,boligportal,6100,22,0.2,184.2,7,0
89.0,4,Brabrand,1,2,privat,10350.0,2024-08-29,boligportal,13100,24,5.5,116.3,8,0
49.0,2,Aarhus C,0,1,almen,5875.0,2026-06-01,boligportal,8200,18,0.5,119.9,6,1
50.0,2,Vejlby,0,3,privat,6300.0,2025-06-08,boligportal,9800,20,5.2,126.0,6,0
62.0,2,Aarhus C,0,1,almen,8050.0,2026-04-24,boligportal,8200,18,0.5,129.8,4,1
88.0,3,Centrum,1,3,privat,16175.0,2024-09-09,boligportal,6100,22,0.2,183.8,9,0
99.0,4,Brabrand,0,4+,almen,5525.0,2026-01-07,boligportal,13100,24,5.5,55.8,1,1
74.0,4,Trøjborg,0,2,almen,7100.0,2025-08-13,boligportal,7300,45,2.1,95.9,8,1
62.0,2,Trøjborg,1,4+,almen,5525.0,2026-04-28,boligportal,7300,45,2.1,89.1,4,1
17.0,1,Trøjborg,0,3,privat,2475.0,2025-07-28,boligportal,7300,45,2.1,145.6,7,0
84.0,3,Skejby,0,2,privat,12550.0,2024-09-09,boligportal,6700,8,7.8,149.4,9,0
75.0,2,Vejlby,0,1,almen,6425.0,2024-07-26,boligportal,9800,20,5.2,85.7,7,1
103.0,4,Aarhus C,1,1,almen,10925.0,2026-07-28,boligportal,8200,18,0.5,106.1,7,1
77.0,4,Risskov,0,2,privat,12400.0,2024-07-28,boligportal,9400,12,4.8,161.0,7,0
91.0,3,Viby,0,3,privat,10675.0,2025-12-03,boligportal,15600,28,6.0,117.3,12,0
60.0,3,Centrum,0,1,privat,10875.0,2025-03-23,boligportal,6100,22,0.2,181.2,3,0
49.0,2,Trøjborg,0,1,almen,4600.0,2024-08-23,boligportal,7300,45,2.1,93.9,8,1
49.0,1,Trøjborg,0,2,almen,4675.0,2024-12-17,boligportal,7300,45,2.1,95.4,12,1
68.0,2,Åbyhøj,1,2,almen,4700.0,2024-09-26,boligportal,11200,15,3.5,69.1,9,1
35.0,2,Risskov,0,3,privat,5275.0,2025-02-02,boligportal,9400,12,4.8,150.7,2,0
68.0,3,Centrum,0,stuen,almen,8000.0,2024-12-01,boligportal,6100,22,0.2,117.6,12,1
46.0,2,Centrum,0,2,privat,8250.0,2024-08-10,boligportal,6100,22,0.2,179.3,8,0
62.0,2,Vejlby,1,1,almen,5900.0,2024-07-19,boligportal,9800,20,5.2,95.2,7,1
71.0,3,Vejlby,0,4+,privat,10000.0,2025-12-31,boligportal,9800,20,5.2,140.8,12,0
65.0,3,Aarhus C,0,2,almen,7525.0,2024-12-27,boligportal,8200,18,0.5,115.8,12,1
64.0,2,Trøjborg,0,stuen,privat,8550.0,2025-10-29,boligportal,7300,45,2.1,133.6,10,0
77.0,3,Trøjborg,1,3,almen,7300.0,2024-11-25,boligportal,7300,45,2.1,94.8,11,1
57.0,2,Aarhus C,1,3,privat,11600.0,2026-06-15,boligportal,8200,18,0.5,203.5,6,0
118.0,4,Vejlby,1,stuen,privat,15225.0,2026-02-10,boligportal,9800,20,5.2,129.0,2,0
22.0,1,Vejlby,1,3,almen,2200.0,2025-02-11,boligportal,9800,20,5.2,100.0,2,1
86.0,4,Vejlby,0,2,privat,10725.0,2025-07-23,boligportal,9800,20,5.2,124.7,7,0
54.0,3,Centrum,0,stuen,privat,9750.0,2025-11-18,boligportal,6100,22,0.2,180.6,11,0
96.0,4,Risskov,0,4+,privat,14650.0,2024-10-30,boligportal,9400,12,4.8,152.6,10,0
70.0,3,Skejby,0,4+,almen,6825.0,2024-08-31,boligportal,6700,8,7.8,97.5,8,1
89.0,3,Trøjborg,0,1,privat,14100.0,2025-02-13,boligportal,7300,45,2.1,158.4,2,0
75.0,2,Viby,1,stuen,privat,8625.0,2025-09-22,boligportal,15600,28,6.0,115.0,9,0
70.0,3,Vejlby,0,2,privat,8575.0,2025-05-24,boligportal,9800,20,5.2,122.5,5,0
108.0,5,Aarhus C,1,stuen,privat,19625.0,2024-12-31,boligportal,8200,18,0.5,181.7,12,0
83.0,2,Brabrand,1,2,privat,9250.0,2025-03-09,boligportal,13100,24,5.5,111.4,3,0
68.0,2,Hasle,1,1,privat,7875.0,2026-02-25,boligportal,10300,19,3.9,115.8,2,0
54.0,2,Viby,1,1,almen,3900.0,2026-03-15,boligportal,15600,28,6.0,72.2,3,1
83.0,3,Skejby,0,4+,almen,8300.0,2024-09-01,boligportal,6700,8,7.8,100.0,9,1
84.0,3,Viby,0,stuen,privat,10525.0,2025-02-17,boligportal,15600,28,6.0,125.3,2,0
70.0,2,Aarhus C,1,1,privat,13450.0,2026-06-11,boligportal,8200,18,0.5,192.1,6,0
103.0,4,Viby,0,3,privat,11100.0,2026-07-18,boligportal,15600,28,6.0,107.8,7,0
160.0,6,Viby,0,1,privat,20200.0,2025-12-12,boligportal,15600,28,6.0,126.2,12,0
80.0,3,Centrum,0,2,privat,12975.0,2025-11-25,boligportal,6100,22,0.2,162.2,11,0
67.0,2,Skejby,0,1,privat,8900.0,2026-04-08,boligportal,6700,8,7.8,132.8,4,0
49.0,2,Aarhus C,0,2,privat,7950.0,2025-01-23,boligportal,8200,18,0.5,162.2,1,0
37.0,1,Åbyhøj,0,1,privat,4675.0,2024-08-09,boligportal,11200,15,3.5,126.4,8,0
43.0,1,Skejby,1,stuen,almen,3575.0,2026-01-07,boligportal,6700,8,7.8,83.1,1,1
34.0,2,Skejby,1,2,privat,4775.0,2026-04-28,boligportal,6700,8,7.8,140.4,4,0
101.0,4,Åbyhøj,1,2,privat,13050.0,2024-07-10,boligportal,11200,15,3.5,129.2,7,0
77.0,3,Viby,0,3,almen,5525.0,2026-07-06,boligportal,15600,28,6.0,71.8,7,1
16.0,1,Viby,1,1,privat,2200.0,2026-03-01,boligportal,15600,28,6.0,137.5,3,0
84.0,4,Brabrand,0,stuen,privat,8550.0,2025-07-10,boligportal,13100,24,5.5,101.8,7,0
119.0,4,Åbyhøj,1,1,almen,11475.0,2025-07-07,boligportal,11200,15,3.5,96.4,7,1
46.0,3,Aarhus C,0,4+,privat,8200.0,2025-07-29,boligportal,8200,18,0.5,178.3,7,0
63.0,3,Åbyhøj,1,2,privat,8075.0,2026-05-24,boligportal,11200,15,3.5,128.2,5,0
62.0,2,Brabrand,0,1,almen,4200.0,2024-10-22,boligportal,13100,24,5.5,67.7,10,1
36.0,2,Centrum,1,1,privat,6400.0,2025-06-23,boligportal,6100,22,0.2,177.8,6,0
58.0,3,Hasle,0,1,almen,5325.0,2025-09-22,boligportal,10300,19,3.9,91.8,9,1
57.0,2,Aarhus C,1,1,almen,5825.0,2024-09-16,boligportal,8200,18,0.5,102.2,9,1
38.0,1,Trøjborg,0,1,almen,3625.0,2024-12-10,boligportal,7300,45,2.1,95.4,12,1
75.0,2,Åbyhøj,0,1,privat,9875.0,2026-06-26,boligportal,11200,15,3.5,131.7,6,0
48.0,2,Åbyhøj,1,1,almen,4025.0,2025-06-22,boligportal,11200,15,3.5,83.9,6,1
68.0,2,Trøjborg,0,1,privat,9925.0,2026-02-10,boligportal,7300,45,2.1,146.0,2,0
133.0,5,Viby,1,2,privat,13600.0,2026-02-18,boligportal,15600,28,6.0,102.3,2,0
73.0,3,Aarhus C,0,1,privat,14050.0,2025-04-03,boligportal,8200,18,0.5,192.5,4,0
56.0,3,Åbyhøj,0,2,almen,4900.0,2025-02-07,boligportal,11200,15,3.5,87.5,2,1
110.0,5,Vejlby,0,stuen,almen,7800.0,2025-04-29,boligportal,9800,20,5.2,70.9,4,1
69.0,2,Brabrand,0,4+,privat,7675.0,2026-01-09,boligportal,13100,24,5.5,111.2,1,0
77.0,3,Skejby,1,stuen,almen,6800.0,2025-01-01,boligportal,6700,8,7.8,88.3,1,1
73.0,2,Aarhus C,0,4+,privat,13525.0,2025-12-13,boligportal,8200,18,0.5,185.3,12,0
83.0,4,Viby,1,1,privat,9000.0,2025-09-11,boligportal,15600,28,6.0,108.4,9,0
43.0,2,Vejlby,0,3,almen,3350.0,2024-11-28,boligportal,9800,20,5.2,77.9,11,1
90.0,4,Vejlby,1,2,privat,12225.0,2024-12-21,boligportal,9800,20,5.2,135.8,12,0
76.0,3,Viby,0,stuen,privat,8900.0,2026-03-03,boligportal,15600,28,6.0,117.1,3,0
22.0,1,Trøjborg,0,2,almen,2200.0,2024-12-11,boligportal,7300,45,2.1,100.0,12,1
57.0,3,Risskov,0,3,almen,6375.0,2024-12-21,boligportal,9400,12,4.8,111.8,12,1
95.0,4,Viby,1,1,almen,7450.0,2024-08-07,boligportal,15600,28,6.0,78.4,8,1
56.0,2,Aarhus C,0,1,privat,10275.0,2025-04-25,boligportal,8200,18,0.5,183.5,4,0
87.0,4,Vejlby,0,stuen,almen,6675.0,2025-03-27,boligportal,9800,20,5.2,76.7,3,1
74.0,2,Trøjborg,1,1,privat,10500.0,2026-01-23,boligportal,7300,45,2.1,141.9,1,0
70.0,3,Vejlby,1,2,privat,8900.0,2025-08-18,boligportal,9800,20,5.2,127.1,8,0
85.0,3,Risskov,1,4+,privat,11975.0,2024-07-22,boligportal,9400,12,4.8,140.9,7,0
114.0,3,Viby,1,3,privat,11500.0,2024-12-13,boligportal,15600,28,6.0,100.9,12,0
127.0,5,Trøjborg,1,stuen,privat,19250.0,2024-09-24,boligportal,7300,45,2.1,151.6,9,0
57.0,3,Viby,0,1,almen,4925.0,2025-01-13,boligportal,15600,28,6.0,86.4,1,1
51.0,2,Viby,1,1,privat,5475.0,2024-09-22,boligportal,15600,28,6.0,107.4,9,0
44.0,1,Aarhus C,0,4+,privat,6825.0,2025-06-30,boligportal,8200,18,0.5,155.1,6,0
105.0,3,Trøjborg,0,stuen,privat,14475.0,2026-07-06,boligportal,7300,45,2.1,137.9,7,0
83.0,2,Hasle,0,2,privat,10425.0,2024-11-03,boligportal,10300,19,3.9,125.6,11,0
96.0,3,Centrum,0,4+,privat,17200.0,2025-02-20,boligportal,6100,22,0.2,179.2,2,0
55.0,2,Åbyhøj,0,3,privat,6850.0,2025-11-29,boligportal,11200,15,3.5,124.5,11,0
94.0,3,Risskov,0,1,privat,14350.0,2025-07-01,boligportal,9400,12,4.8,152.7,7,0
76.0,2,Aarhus C,1,3,almen,8625.0,2026-07-03,boligportal,8200,18,0.5,113.5,7,1
80.0,3,Hasle,0,1,privat,10000.0,2024-10-29,boligportal,10300,19,3.9,125.0,10,0
23.0,1,Skejby,0,2,privat,2850.0,2025-08-26,boligportal,6700,8,7.8,123.9,8,0
62.0,2,Åbyhøj,0,3,almen,5075.0,2026-05-27,boligportal,11200,15,3.5,81.9,5,1
52.0,2,Åbyhøj,0,4+,almen,3575.0,2026-03-01,boligportal,11200,15,3.5,68.8,3,1
76.0,4,Åbyhøj,0,3,privat,10050.0,2024-11-08,boligportal,11200,15,3.5,132.2,11,0
58.0,1,Risskov,1,4+,privat,8125.0,2025-02-10,boligportal,9400,12,4.8,140.1,2,0
38.0,2,Centrum,0,stuen,privat,6800.0,2025-08-20,boligportal,6100,22,0.2,178.9,8,0
76.0,3,Skejby,1,stuen,privat,10425.0,2025-09-28,boligportal,6700,8,7.8,137.2,9,0
81.0,3,Vejlby,1,stuen,almen,6725.0,2025-01-07,boligportal,9800,20,5.2,83.0,1,1
72.0,3,Åbyhøj,0,3,almen,7200.0,2026-06-28,boligportal,11200,15,3.5,100.0,6,1
88.0,4,Åbyhøj,1,3,almen,6700.0,2026-02-10,boligportal,11200,15,3.5,76.1,2,1
82.0,3,Vejlby,0,stuen,almen,7275.0,2024-10-05,boligportal,9800,20,5.2,88.7,10,1
85.0,3,Risskov,1,1,privat,12425.0,2026-05-13,boligportal,9400,12,4.8,146.2,5,0
82.0,3,Skejby,1,1,almen,7625.0,2026-05-18,boligportal,6700,8,7.8,93.0,5,1
54.0,2,Trøjborg,1,2,almen,5100.0,2025-11-12,boligportal,7300,45,2.1,94.4,11,1
45.0,1,Åbyhøj,0,2,privat,5225.0,2024-11-09,boligportal,11200,15,3.5,116.1,11,0
88.0,4,Risskov,0,3,almen,8900.0,2025-02-01,boligportal,9400,12,4.8,101.1,2,1
18.0,1,Trøjborg,0,1,almen,2200.0,2024-08-21,boligportal,7300,45,2.1,122.2,8,1
67.0,2,Centrum,0,2,privat,11175.0,2026-04-25,boligportal,6100,22,0.2,166.8,4,0
83.0,4,Viby,1,1,privat,9550.0,2025-05-31,boligportal,15600,28,6.0,115.1,5,0
75.0,3,Brabrand,0,2,almen,5275.0,2024-09-25,boligportal,13100,24,5.5,70.3,9,1
71.0,3,Brabrand,0,4+,almen,5700.0,2025-02-07,boligportal,13100,24,5.5,80.3,2,1
59.0,3,Aarhus C,0,1,almen,7100.0,2025-02-13,boligportal,8200,18,0.5,120.3,2,1
39.0,2,Trøjborg,1,3,privat,5450.0,2025-11-10,boligportal,7300,45,2.1,139.7,11,0
67.0,3,Viby,1,1,privat,8125.0,2026-07-01,boligportal,15600,28,6.0,121.3,7,0
65.0,2,Aarhus C,1,2,privat,11925.0,2025-11-15,boligportal,8200,18,0.5,183.5,11,0
56.0,3,Åbyhøj,0,stuen,privat,7500.0,2026-07-17,boligportal,11200,15,3.5,133.9,7,0
85.0,4,Hasle,1,4+,almen,6950.0,2024-07-17,boligportal,10300,19,3.9,81.8,7,1
27.0,1,Brabrand,1,1,almen,2200.0,2026-05-12,boligportal,13100,24,5.5,81.5,5,1
60.0,3,Trøjborg,1,3,almen,5575.0,2024-11-12,boligportal,7300,45,2.1,92.9,11,1
76.0,2,Åbyhøj,1,3,privat,9775.0,2025-02-09,boligportal,11200,15,3.5,128.6,2,0
19.0,1,Risskov,1,1,privat,2675.0,2024-07-14,boligportal,9400,12,4.8,140.8,7,0
75.0,2,Centrum,1,3,privat,12075.0,2026-04-09,boligportal,6100,22,0.2,161.0,4,0
35.0,1,Hasle,0,3,privat,4175.0,2024-09-30,boligportal,10300,19,3.9,119.3,9,0
74.0,2,Viby,0,2,privat,8275.0,2026-03-25,boligportal,15600,28,6.0,111.8,3,0
46.0,1,Viby,0,stuen,almen,3500.0,2025-04-10,boligportal,15600,28,6.0,76.1,4,1
48.0,2,Vejlby,0,3,privat,6075.0,2025-08-18,boligportal,9800,20,5.2,126.6,8,0
92.0,4,Aarhus C,1,4+,privat,15475.0,2025-01-17,boligportal,8200,18,0.5,168.2,1,0
71.0,3,Viby,0,3,almen,5275.0,2025-04-02,boligportal,15600,28,6.0,74.3,4,1
34.0,1,Aarhus C,0,1,privat,5675.0,2025-03-02,boligportal,8200,18,0.5,166.9,3,0
27.0,1,Skejby,1,1,privat,3675.0,2024-12-13,boligportal,6700,8,7.8,136.1,12,0
113.0,3,Åbyhøj,0,1,privat,14250.0,2024-08-20,boligportal,11200,15,3.5,126.1,8,0
47.0,3,Centrum,1,2,privat,7850.0,2024-09-16,boligportal,6100,22,0.2,167.0,9,0
75.0,3,Viby,0,4+,privat,8575.0,2024-06-04,boligportal,15600,28,6.0,114.3,6,0
47.0,1,Skejby,1,1,privat,6325.0,2024-06-04,boligportal,6700,8,7.8,134.6,6,0
84.0,4,Aarhus C,0,4+,privat,14650.0,2026-06-24,boligportal,8200,18,0.5,174.4,6,0
84.0,4,Centrum,0,1,almen,8725.0,2026-04-20,boligportal,6100,22,0.2,103.9,4,1
83.0,4,Aarhus C,0,2,privat,15775.0,2026-05-09,boligportal,8200,18,0.5,190.1,5,0
53.0,2,Risskov,1,stuen,privat,7750.0,2026-05-26,boligportal,9400,12,4.8,146.2,5,0
84.0,3,Aarhus C,1,3,almen,8375.0,2026-02-12,boligportal,8200,18,0.5,99.7,2,1
104.0,4,Aarhus C,0,4+,privat,20050.0,2025-10-30,boligportal,8200,18,0.5,192.8,10,0
65.0,3,Åbyhøj,1,2,almen,5575.0,2026-06-08,boligportal,11200,15,3.5,85.8,6,1
103.0,4,Brabrand,0,2,privat,8600.0,2026-06-10,boligportal,13100,24,5.5,83.5,6,0
89.0,4,Viby,0,2,almen,6200.0,2024-10-11,boligportal,15600,28,6.0,69.7,10,1
57.0,2,Trøjborg,1,3,privat,8100.0,2025-02-23,boligportal,7300,45,2.1,142.1,2,0
88.0,3,Vejlby,0,1,privat,11275.0,2026-07-10,boligportal,9800,20,5.2,128.1,7,0
66.0,3,Risskov,0,4+,privat,11100.0,2026-03-19,boligportal,9400,12,4.8,168.2,3,0
36.0,2,Viby,0,1,almen,2625.0,2025-05-05,boligportal,15600,28,6.0,72.9,5,1
47.0,2,Aarhus C,0,3,privat,8200.0,2025-06-15,boligportal,8200,18,0.5,174.5,6,0
98.0,3,Åbyhøj,0,2,privat,11250.0,2025-09-11,boligportal,11200,15,3.5,114.8,9,0
26.0,1,Skejby,0,1,privat,3175.0,2025-08-07,boligportal,6700,8,7.8,122.1,8,0
57.0,2,Aarhus C,0,2,almen,6625.0,2025-08-10,boligportal,8200,18,0.5,116.2,8,1
39.0,2,Centrum,1,4+,privat,7125.0,2025-07-02,boligportal,6100,22,0.2,182.7,7,0
68.0,2,Vejlby,1,4+,almen,5500.0,2024-09-20,boligportal,9800,20,5.2,80.9,9,1
121.0,5,Centrum,0,4+,privat,20775.0,2025-12-26,boligportal,6100,22,0.2,171.7,12,0
54.0,1,Vejlby,1,stuen,almen,3850.0,2025-11-11,boligportal,9800,20,5.2,71.3,11,1
49.0,1,Brabrand,0,2,almen,3375.0,2026-02-02,boligportal,13100,24,5.5,68.9,2,1
54.0,2,Aarhus C,1,stuen,privat,9025.0,2025-01-23,boligportal,8200,18,0.5,167.1,1,0
71.0,2,Åbyhøj,0,4+,privat,9850.0,2025-02-06,boligportal,11200,15,3.5,138.7,2,0
142.0,5,Skejby,1,3,privat,18375.0,2025-04-07,boligportal,6700,8,7.8,129.4,4,0
105.0,4,Risskov,0,3,privat,16300.0,2024-12-18,boligportal,9400,12,4.8,155.2,12,0
16.0,1,Aarhus C,0,2,privat,3000.0,2026-07-01,boligportal,8200,18,0.5,187.5,7,0
48.0,2,Risskov,0,3,privat,6975.0,2026-04-09,boligportal,9400,12,4.8,145.3,4,0
103.0,4,Centrum,0,3,privat,16650.0,2025-08-10,boligportal,6100,22,0.2,161.7,8,0
104.0,5,Brabrand,1,3,almen,7100.0,2024-11-25,boligportal,13100,24,5.5,68.3,11,1
44.0,3,Vejlby,0,2,privat,5475.0,2025-06-28,boligportal,9800,20,5.2,124.4,6,0
34.0,1,Åbyhøj,1,1,privat,4200.0,2024-07-12,boligportal,11200,15,3.5,123.5,7,0
80.0,3,Trøjborg,0,2,privat,13025.0,2026-03-25,boligportal,7300,45,2.1,162.8,3,0
101.0,4,Trøjborg,1,2,almen,8475.0,2025-09-02,boligportal,7300,45,2.1,83.9,9,1
41.0,1,Åbyhøj,1,4+,privat,4675.0,2026-02-01,boligportal,11200,15,3.5,114.0,2,0
80.0,3,Skejby,0,3,privat,10900.0,2025-04-11,boligportal,6700,8,7.8,136.2,4,0
48.0,3,Aarhus C,0,3,privat,9000.0,2024-06-19,boligportal,8200,18,0.5,187.5,6,0
81.0,3,Trøjborg,0,1,privat,10700.0,2025-05-23,boligportal,7300,45,2.1,132.1,5,0
16.0,1,Viby,1,2,privat,2200.0,2025-01-21,boligportal,15600,28,6.0,137.5,1,0
21.0,1,Viby,0,4+,almen,2200.0,2026-06-13,boligportal,15600,28,6.0,104.8,6,1
77.0,3,Aarhus C,1,1,privat,14900.0,2025-03-04,boligportal,8200,18,0.5,193.5,3,0
66.0,2,Vejlby,1,stuen,privat,7350.0,2025-02-06,boligportal,9800,20,5.2,111.4,2,0
54.0,3,Trøjborg,0,1,almen,5275.0,2025-11-30,boligportal,7300,45,2.1,97.7,11,1
71.0,3,Trøjborg,0,stuen,almen,6700.0,2025-11-11,boligportal,7300,45,2.1,94.4,11,1
86.0,3,Aarhus C,0,2,privat,16775.0,2024-08-29,boligportal,8200,18,0.5,195.1,8,0
58.0,2,Aarhus C,1,3,privat,10350.0,2026-04-19,boligportal,8200,18,0.5,178.4,4,0
119.0,5,Vejlby,1,1,privat,14825.0,2026-01-25,boligportal,9800,20,5.2,124.6,1,0
33.0,2,Brabrand,0,2,privat,3500.0,2025-04-19,boligportal,13100,24,5.5,106.1,4,0
66.0,4,Aarhus C,0,4+,privat,12850.0,2025-08-03,boligportal,8200,18,0.5,194.7,8,0
32.0,2,Trøjborg,0,3,almen,3600.0,2026-05-19,boligportal,7300,45,2.1,112.5,5,1
89.0,4,Vejlby,0,stuen,privat,11725.0,2026-03-30,boligportal,9800,20,5.2,131.7,3,0
58.0,3,Centrum,1,stuen,privat,9625.0,2025-04-20,boligportal,6100,22,0.2,165.9,4,0
82.0,2,Vejlby,0,2,privat,10800.0,2025-04-14,boligportal,9800,20,5.2,131.7,4,0
74.0,1,Vejlby,0,2,privat,7800.0,2025-10-11,boligportal,9800,20,5.2,105.4,10,0
68.0,2,Aarhus C,0,2,privat,11500.0,2025-01-17,boligportal,8200,18,0.5,169.1,1,0
48.0,1,Risskov,1,1,privat,7325.0,2024-06-16,boligportal,9400,12,4.8,152.6,6,0
99.0,4,Centrum,1,2,privat,18300.0,2026-04-04,boligportal,6100,22,0.2,184.8,4,0
105.0,3,Trøjborg,0,3,almen,11125.0,2026-03-17,boligportal,7300,45,2.1,106.0,3,1
55.0,3,Hasle,0,4+,privat,6225.0,2025-10-07,boligportal,10300,19,3.9,113.2,10,0
87.0,4,Risskov,0,1,almen,9025.0,2026-04-09,boligportal,9400,12,4.8,103.7,4,1
70.0,2,Centrum,0,2,privat,12275.0,2025-01-07,boligportal,6100,22,0.2,175.4,1,0
88.0,3,Risskov,0,1,almen,8600.0,2026-02-23,boligportal,9400,12,4.8,97.7,2,1
96.0,3,Centrum,1,1,almen,9825.0,2026-04-01,boligportal,6100,22,0.2,102.3,4,1
47.0,1,Brabrand,0,1,almen,3450.0,2025-07-30,boligportal,13100,24,5.5,73.4,7,1
93.0,3,Viby,0,3,privat,10850.0,2024-08-27,boligportal,15600,28,6.0,116.7,8,0
40.0,1,Viby,1,3,privat,4050.0,2024-09-17,boligportal,15600,28,6.0,101.2,9,0
68.0,3,Centrum,1,1,almen,7125.0,2026-02-22,boligportal,6100,22,0.2,104.8,2,1
80.0,3,Hasle,1,1,privat,9250.0,2025-05-10,boligportal,10300,19,3.9,115.6,5,0
66.0,3,Viby,0,1,privat,7050.0,2025-04-26,boligportal,15600,28,6.0,106.8,4,0
66.0,3,Brabrand,0,3,privat,7100.0,2024-07-08,boligportal,13100,24,5.5,107.6,7,0
56.0,2,Hasle,1,stuen,almen,4125.0,2025-01-13,boligportal,10300,19,3.9,73.7,1,1
97.0,3,Aarhus C,1,3,privat,18175.0,2025-09-04,boligportal,8200,18,0.5,187.4,9,0
40.0,2,Skejby,0,4+,privat,4975.0,2025-03-11,boligportal,6700,8,7.8,124.4,3,0
80.0,3,Centrum,0,2,almen,9750.0,2026-05-14,boligportal,6100,22,0.2,121.9,5,1
87.0,4,Aarhus C,0,1,almen,10450.0,2024-12-14,boligportal,8200,18,0.5,120.1,12,1
37.0,1,Skejby,1,3,privat,4400.0,2024-11-13,boligportal,6700,8,7.8,118.9,11,0
124.0,5,Åbyhøj,0,1,almen,12600.0,2025-11-21,boligportal,11200,15,3.5,101.6,11,1
76.0,3,Viby,0,stuen,privat,8100.0,2024-06-26,boligportal,15600,28,6.0,106.6,6,0
60.0,2,Skejby,1,3,privat,7600.0,2025-06-15,boligportal,6700,8,7.8,126.7,6,0
48.0,2,Centrum,0,1,almen,5525.0,2026-04-17,boligportal,6100,22,0.2,115.1,4,1
38.0,2,Risskov,1,3,privat,5525.0,2025-11-29,boligportal,9400,12,4.8,145.4,11,0
76.0,3,Centrum,1,3,almen,8650.0,2025-08-08,boligportal,6100,22,0.2,113.8,8,1
70.0,3,Åbyhøj,0,1,privat,8825.0,2025-02-26,boligportal,11200,15,3.5,126.1,2,0
82.0,3,Hasle,0,4+,privat,10425.0,2025-10-28,boligportal,10300,19,3.9,127.1,10,0
86.0,4,Åbyhøj,1,4+,privat,11475.0,2025-04-22,boligportal,11200,15,3.5,133.4,4,0
74.0,3,Vejlby,0,3,privat,9050.0,2025-09-26,boligportal,9800,20,5.2,122.3,9,0
29.0,2,Aarhus C,1,2,privat,5175.0,2025-01-03,boligportal,8200,18,0.5,178.4,1,0
95.0,3,Åbyhøj,1,1,privat,11750.0,2025-04-08,boligportal,11200,15,3.5,123.7,4,0
86.0,4,Skejby,1,3,almen,7350.0,2024-09-07,boligportal,6700,8,7.8,85.5,9,1
76.0,3,Trøjborg,0,1,almen,7750.0,2025-06-08,boligportal,7300,45,2.1,102.0,6,1
106.0,5,Aarhus C,0,1,privat,17450.0,2025-07-21,boligportal,8200,18,0.5,164.6,7,0
96.0,4,Trøjborg,0,2,almen,8550.0,2025-03-24,boligportal,7300,45,2.1,89.1,3,1
60.0,3,Aarhus C,1,3,privat,10825.0,2025-06-19,boligportal,8200,18,0.5,180.4,6,0
81.0,3,Trøjborg,0,4+,privat,11225.0,2026-01-30,boligportal,7300,45,2.1,138.6,1,0
96.0,4,Aarhus C,0,3,privat,18925.0,2025-04-05,boligportal,8200,18,0.5,197.1,4,0
63.0,3,Aarhus C,0,2,privat,12200.0,2025-11-06,boligportal,8200,18,0.5,193.7,11,0
39.0,2,Åbyhøj,1,4+,almen,3700.0,2025-07-25,boligportal,11200,15,3.5,94.9,7,1
74.0,3,Vejlby,0,3,privat,8675.0,2024-11-29,boligportal,9800,20,5.2,117.2,11,0
54.0,2,Centrum,0,stuen,privat,9300.0,2025-05-24,boligportal,6100,22,0.2,172.2,5,0
101.0,3,Trøjborg,0,2,almen,9500.0,2024-08-15,boligportal,7300,45,2.1,94.1,8,1
112.0,4,Aarhus C,0,3,almen,12725.0,2024-07-27,boligportal,8200,18,0.5,113.6,7,1
118.0,4,Aarhus C,0,stuen,privat,20825.0,2025-01-24,boligportal,8200,18,0.5,176.5,1,0
103.0,4,Risskov,1,stuen,privat,15725.0,2024-07-12,boligportal,9400,12,4.8,152.7,7,0
127.0,5,Vejlby,0,stuen,privat,15325.0,2025-11-03,boligportal,9800,20,5.2,120.7,11,0
57.0,2,Brabrand,0,stuen,privat,5225.0,2024-07-27,boligportal,13100,24,5.5,91.7,7,0
80.0,4,Viby,1,1,almen,7000.0,2026-06-28,boligportal,15600,28,6.0,87.5,6,1
71.0,2,Brabrand,0,1,privat,7700.0,2026-04-22,aarhusbolig,13100,24,5.5,108.5,4,0
83.0,3,Centrum,0,1,almen,10275.0,2025-10-30,aarhusbolig,6100,22,0.2,123.8,10,1
79.0,3,Åbyhøj,0,1,privat,10525.0,2025-05-31,aarhusbolig,11200,15,3.5,133.2,5,0
79.0,3,Aarhus C,0,2,privat,14675.0,2024-08-05,aarhusbolig,8200,18,0.5,185.8,8,0
81.0,3,Viby,0,stuen,almen,5075.0,2026-03-08,aarhusbolig,15600,28,6.0,62.7,3,1
67.0,2,Hasle,0,1,almen,5300.0,2026-06-02,aarhusbolig,10300,19,3.9,79.1,6,1
69.0,3,Hasle,1,2,privat,8400.0,2024-07-12,aarhusbolig,10300,19,3.9,121.7,7,0
62.0,4,Centrum,1,3,privat,10950.0,2024-08-27,aarhusbolig,6100,22,0.2,176.6,8,0
67.0,2,Hasle,0,1,privat,7950.0,2025-09-27,aarhusbolig,10300,19,3.9,118.7,9,0
63.0,2,Brabrand,1,3,privat,6475.0,2024-10-21,aarhusbolig,13100,24,5.5,102.8,10,0
40.0,1,Brabrand,1,3,privat,4800.0,2025-04-06,aarhusbolig,13100,24,5.5,120.0,4,0
16.0,1,Hasle,0,stuen,almen,2200.0,2025-04-21,aarhusbolig,10300,19,3.9,137.5,4,1
49.0,2,Aarhus C,1,1,privat,9225.0,2024-08-19,aarhusbolig,8200,18,0.5,188.3,8,0
65.0,2,Centrum,1,4+,privat,11875.0,2024-06-04,aarhusbolig,6100,22,0.2,182.7,6,0
35.0,1,Centrum,0,stuen,almen,4100.0,2024-10-24,aarhusbolig,6100,22,0.2,117.1,10,1
36.0,2,Aarhus C,1,1,privat,5850.0,2026-07-13,aarhusbolig,8200,18,0.5,162.5,7,0
27.0,1,Vejlby,0,3,almen,2200.0,2024-12-03,aarhusbolig,9800,20,5.2,81.5,12,1
75.0,3,Hasle,1,3,almen,6125.0,2024-12-24,aarhusbolig,10300,19,3.9,81.7,12,1
90.0,3,Trøjborg,1,1,almen,8375.0,2026-02-10,aarhusbolig,7300,45,2.1,93.1,2,1
78.0,2,Centrum,0,stuen,privat,13025.0,2024-08-02,aarhusbolig,6100,22,0.2,167.0,8,0
89.0,3,Hasle,0,1,almen,6850.0,2025-09-16,aarhusbolig,10300,19,3.9,77.0,9,1
91.0,4,Trøjborg,0,stuen,almen,9700.0,2024-12-05,aarhusbolig,7300,45,2.1,106.6,12,1
56.0,2,Skejby,0,1,privat,7000.0,2024-11-15,aarhusbolig,6700,8,7.8,125.0,11,0
91.0,4,Hasle,1,2,almen,7525.0,2025-10-23,aarhusbolig,10300,19,3.9,82.7,10,1
87.0,2,Centrum,0,4+,privat,14900.0,2024-06-25,aarhusbolig,6100,22,0.2,171.3,6,0
54.0,2,Centrum,0,2,privat,10000.0,2024-10-23,aarhusbolig,6100,22,0.2,185.2,10,0
72.0,3,Brabrand,0,1,privat,7250.0,2026-02-06,aarhusbolig,13100,24,5.5,100.7,2,0
72.0,3,Trøjborg,1,2,privat,9725.0,2025-12-27,aarhusbolig,7300,45,2.1,135.1,12,0
20.0,1,Centrum,0,1,privat,3350.0,2025-02-10,aarhusbolig,6100,22,0.2,167.5,2,0
98.0,4,Hasle,0,3,privat,11375.0,2024-12-13,aarhusbolig,10300,19,3.9,116.1,12,0
54.0,2,Risskov,1,1,privat,8425.0,2024-10-18,aarhusbolig,9400,12,4.8,156.0,10,0
44.0,1,Aarhus C,0,1,almen,4725.0,2025-06-07,aarhusbolig,8200,18,0.5,107.4,6,1
70.0,3,Hasle,0,stuen,privat,8775.0,2026-06-20,aarhusbolig,10300,19,3.9,125.4,6,0
69.0,3,Aarhus C,0,3,almen,8200.0,2025-12-31,aarhusbolig,8200,18,0.5,118.8,12,1
56.0,1,Åbyhøj,0,4+,almen,3600.0,2024-06-13,aarhusbolig,11200,15,3.5,64.3,6,1
49.0,2,Aarhus C,1,stuen,almen,5975.0,2025-12-29,aarhusbolig,8200,18,0.5,121.9,12,1
41.0,1,Trøjborg,0,2,privat,6700.0,2026-07-23,aarhusbolig,7300,45,2.1,163.4,7,0
69.0,3,Åbyhøj,1,1,almen,5200.0,2025-09-07,aarhusbolig,11200,15,3.5,75.4,9,1
49.0,2,Vejlby,1,2,almen,4050.0,2024-09-13,aarhusbolig,9800,20,5.2,82.7,9,1
67.0,3,Hasle,0,3,privat,8050.0,2025-05-19,aarhusbolig,10300,19,3.9,120.1,5,0
72.0,3,Aarhus C,1,3,privat,13025.0,2025-03-21,aarhusbolig,8200,18,0.5,180.9,3,0
67.0,2,Centrum,1,2,almen,7400.0,2026-04-10,aarhusbolig,6100,22,0.2,110.4,4,1
61.0,3,Skejby,0,2,almen,5350.0,2025-02-05,aarhusbolig,6700,8,7.8,87.7,2,1
19.0,1,Risskov,0,3,almen,2200.0,2026-03-03,aarhusbolig,9400,12,4.8,115.8,3,1
76.0,3,Vejlby,1,1,almen,6350.0,2025-01-05,aarhusbolig,9800,20,5.2,83.6,1,1
88.0,3,Risskov,0,2,almen,7750.0,2024-08-08,aarhusbolig,9400,12,4.8,88.1,8,1
56.0,2,Risskov,0,2,privat,8325.0,2024-08-14,aarhusbolig,9400,12,4.8,148.7,8,0
76.0,3,Hasle,0,stuen,almen,7225.0,2024-11-18,aarhusbolig,10300,19,3.9,95.1,11,1
56.0,2,Viby,1,4+,privat,6825.0,2025-06-02,aarhusbolig,15600,28,6.0,121.9,6,0
75.0,3,Trøjborg,0,3,almen,6875.0,2025-09-04,aarhusbolig,7300,45,2.1,91.7,9,1
82.0,3,Aarhus C,0,stuen,privat,15250.0,2026-02-08,aarhusbolig,8200,18,0.5,186.0,2,0
67.0,3,Centrum,0,1,almen,7025.0,2025-11-05,aarhusbolig,6100,22,0.2,104.9,11,1
70.0,2,Åbyhøj,0,2,privat,9050.0,2024-12-31,aarhusbolig,11200,15,3.5,129.3,12,0
103.0,4,Viby,1,1,privat,11800.0,2025-05-02,aarhusbolig,15600,28,6.0,114.6,5,0
100.0,3,Åbyhøj,1,2,almen,7600.0,2026-05-29,aarhusbolig,11200,15,3.5,76.0,5,1
100.0,4,Aarhus C,0,2,almen,11550.0,2025-08-21,aarhusbolig,8200,18,0.5,115.5,8,1
84.0,3,Aarhus C,1,2,almen,11625.0,2026-05-31,aarhusbolig,8200,18,0.5,138.4,5,1
49.0,2,Trøjborg,1,stuen,almen,4075.0,2026-02-06,aarhusbolig,7300,45,2.1,83.2,2,1
77.0,2,Viby,1,4+,privat,8300.0,2026-06-22,aarhusbolig,15600,28,6.0,107.8,6,0
45.0,1,Hasle,0,stuen,privat,4900.0,2026-03-22,aarhusbolig,10300,19,3.9,108.9,3,0
54.0,2,Hasle,0,3,privat,6125.0,2026-03-26,aarhusbolig,10300,19,3.9,113.4,3,0
62.0,2,Åbyhøj,0,2,privat,7725.0,2026-01-01,aarhusbolig,11200,15,3.5,124.6,1,0
67.0,4,Brabrand,1,2,almen,4325.0,2025-09-29,aarhusbolig,13100,24,5.5,64.6,9,1
42.0,2,Aarhus C,0,2,almen,4825.0,2025-06-04,aarhusbolig,8200,18,0.5,114.9,6,1
55.0,2,Brabrand,1,3,almen,4050.0,2024-11-18,aarhusbolig,13100,24,5.5,73.6,11,1
79.0,2,Trøjborg,0,2,privat,11625.0,2025-06-29,aarhusbolig,7300,45,2.1,147.2,6,0
64.0,3,Aarhus C,1,3,privat,10800.0,2026-03-19,aarhusbolig,8200,18,0.5,168.8,3,0
43.0,2,Viby,1,4+,privat,5025.0,2024-09-25,aarhusbolig,15600,28,6.0,116.9,9,0
76.0,3,Aarhus C,0,stuen,almen,8500.0,2025-01-27,aarhusbolig,8200,18,0.5,111.8,1,1
41.0,1,Viby,0,1,almen,3400.0,2024-12-16,aarhusbolig,15600,28,6.0,82.9,12,1
93.0,4,Trøjborg,1,1,privat,13000.0,2024-12-23,aarhusbolig,7300,45,2.1,139.8,12,0
48.0,2,Centrum,0,1,privat,8050.0,2025-02-10,aarhusbolig,6100,22,0.2,167.7,2,0
72.0,2,Hasle,1,3,privat,8125.0,2025-07-20,aarhusbolig,10300,19,3.9,112.8,7,0
43.0,2,Trøjborg,0,stuen,privat,6500.0,2025-10-21,aarhusbolig,7300,45,2.1,151.2,10,0
38.0,1,Aarhus C,0,stuen,almen,4025.0,2026-07-08,aarhusbolig,8200,18,0.5,105.9,7,1
83.0,4,Trøjborg,1,2,privat,12350.0,2024-10-25,aarhusbolig,7300,45,2.1,148.8,10,0
34.0,1,Risskov,1,2,privat,5200.0,2026-05-07,aarhusbolig,9400,12,4.8,152.9,5,0
48.0,2,Brabrand,1,2,privat,5375.0,2024-08-19,aarhusbolig,13100,24,5.5,112.0,8,0
58.0,1,Åbyhøj,0,2,privat,7500.0,2025-09-17,aarhusbolig,11200,15,3.5,129.3,9,0
91.0,3,Vejlby,0,3,privat,11025.0,2024-12-28,aarhusbolig,9800,20,5.2,121.2,12,0
91.0,4,Aarhus C,1,1,privat,16400.0,2026-05-29,aarhusbolig,8200,18,0.5,180.2,5,0
69.0,2,Åbyhøj,0,1,privat,8575.0,2024-07-29,aarhusbolig,11200,15,3.5,124.3,7,0
44.0,2,Vejlby,0,3,privat,5925.0,2025-06-03,aarhusbolig,9800,20,5.2,134.7,6,0
91.0,2,Vejlby,0,2,privat,11200.0,2025-10-24,aarhusbolig,9800,20,5.2,123.1,10,0
55.0,2,Viby,0,4+,almen,4125.0,2025-01-04,aarhusbolig,15600,28,6.0,75.0,1,1
48.0,2,Risskov,1,3,privat,7950.0,2026-03-20,aarhusbolig,9400,12,4.8,165.6,3,0
52.0,3,Skejby,0,2,almen,5100.0,2025-09-22,aarhusbolig,6700,8,7.8,98.1,9,1
42.0,1,Vejlby,1,1,privat,4950.0,2024-10-18,aarhusbolig,9800,20,5.2,117.9,10,0
61.0,3,Trøjborg,0,4+,almen,6375.0,2024-12-11,aarhusbolig,7300,45,2.1,104.5,12,1
74.0,3,Risskov,0,2,almen,7950.0,2025-03-04,aarhusbolig,9400,12,4.8,107.4,3,1
21.0,1,Aarhus C,0,1,privat,4150.0,2024-06-13,aarhusbolig,8200,18,0.5,197.6,6,0
32.0,2,Trøjborg,0,3,almen,3025.0,2025-05-01,aarhusbolig,7300,45,2.1,94.5,5,1
80.0,3,Skejby,1,stuen,privat,10150.0,2025-01-25,aarhusbolig,6700,8,7.8,126.9,1,0
51.0,1,Aarhus C,0,3,privat,9225.0,2026-04-28,aarhusbolig,8200,18,0.5,180.9,4,0
47.0,3,Centrum,1,2,almen,5325.0,2024-09-27,aarhusbolig,6100,22,0.2,113.3,9,1
106.0,4,Centrum,0,1,privat,17650.0,2026-06-30,aarhusbolig,6100,22,0.2,166.5,6,0
84.0,3,Hasle,1,stuen,privat,9825.0,2025-09-22,aarhusbolig,10300,19,3.9,117.0,9,0
64.0,2,Centrum,0,1,almen,7625.0,2025-05-02,aarhusbolig,6100,22,0.2,119.1,5,1
55.0,2,Trøjborg,0,1,privat,7250.0,2025-09-09,aarhusbolig,7300,45,2.1,131.8,9,0
44.0,2,Centrum,1,1,almen,5200.0,2024-11-11,aarhusbolig,6100,22,0.2,118.2,11,1
91.0,3,Risskov,1,1,almen,9550.0,2025-10-09,aarhusbolig,9400,12,4.8,104.9,10,1
55.0,3,Aarhus C,0,2,privat,10800.0,2025-07-26,aarhusbolig,8200,18,0.5,196.4,7,0
23.0,1,Åbyhøj,1,stuen,privat,2950.0,2025-02-17,aarhusbolig,11200,15,3.5,128.3,2,0
45.0,1,Åbyhøj,1,3,almen,3275.0,2025-06-17,aarhusbolig,11200,15,3.5,72.8,6,1
60.0,2,Skejby,0,4+,almen,4825.0,2024-08-07,aarhusbolig,6700,8,7.8,80.4,8,1
52.0,2,Brabrand,0,1,privat,5575.0,2026-04-29,aarhusbolig,13100,24,5.5,107.2,4,0
117.0,4,Risskov,1,4+,privat,18075.0,2026-05-01,aarhusbolig,9400,12,4.8,154.5,5,0
57.0,2,Skejby,0,2,privat,8200.0,2024-10-23,aarhusbolig,6700,8,7.8,143.9,10,0
79.0,3,Vejlby,1,3,almen,5600.0,2026-01-31,aarhusbolig,9800,20,5.2,70.9,1,1
96.0,3,Centrum,0,2,almen,11400.0,2026-04-25,aarhusbolig,6100,22,0.2,118.8,4,1
79.0,3,Centrum,1,stuen,almen,7925.0,2025-11-27,aarhusbolig,6100,22,0.2,100.3,11,1
60.0,3,Brabrand,1,1,privat,7025.0,2026-07-25,aarhusbolig,13100,24,5.5,117.1,7,0
65.0,3,Aarhus C,0,4+,almen,8225.0,2025-09-06,aarhusbolig,8200,18,0.5,126.5,9,1
48.0,2,Brabrand,0,1,almen,3025.0,2025-10-10,aarhusbolig,13100,24,5.5,63.0,10,1
46.0,1,Trøjborg,0,2,privat,6075.0,2025-11-07,aarhusbolig,7300,45,2.1,132.1,11,0
46.0,1,Aarhus C,0,3,almen,4950.0,2025-09-25,aarhusbolig,8200,18,0.5,107.6,9,1
75.0,3,Viby,1,2,privat,7100.0,2026-01-16,aarhusbolig,15600,28,6.0,94.7,1,0
85.0,4,Åbyhøj,1,stuen,almen,6375.0,2026-05-16,aarhusbolig,11200,15,3.5,75.0,5,1
44.0,2,Risskov,0,4+,privat,6925.0,2025-08-27,aarhusbolig,9400,12,4.8,157.4,8,0
83.0,3,Åbyhøj,1,2,almen,7325.0,2025-03-23,aarhusbolig,11200,15,3.5,88.3,3,1
63.0,3,Viby,0,2,almen,5275.0,2025-05-21,aarhusbolig,15600,28,6.0,83.7,5,1
94.0,4,Aarhus C,1,stuen,privat,17800.0,2025-12-07,aarhusbolig,8200,18,0.5,189.4,12,0
73.0,3,Skejby,0,2,privat,9650.0,2024-11-05,aarhusbolig,6700,8,7.8,132.2,11,0
52.0,1,Risskov,0,3,privat,8375.0,2025-02-24,aarhusbolig,9400,12,4.8,161.1,2,0
57.0,2,Viby,0,2,privat,6325.0,2025-04-21,aarhusbolig,15600,28,6.0,111.0,4,0
88.0,3,Vejlby,0,3,privat,11375.0,2025-07-15,aarhusbolig,9800,20,5.2,129.3,7,0
47.0,1,Centrum,0,2,privat,9075.0,2026-06-16,aarhusbolig,6100,22,0.2,193.1,6,0
63.0,2,Viby,1,3,almen,4875.0,2026-05-31,aarhusbolig,15600,28,6.0,77.4,5,1
80.0,3,Hasle,1,1,privat,8775.0,2025-06-02,aarhusbolig,10300,19,3.9,109.7,6,0
42.0,2,Aarhus C,1,1,privat,6825.0,2026-07-20,aarhusbolig,8200,18,0.5,162.5,7,0
59.0,2,Risskov,0,1,privat,8850.0,2025-01-05,aarhusbolig,9400,12,4.8,150.0,1,0
28.0,1,Risskov,1,4+,privat,4050.0,2025-04-22,aarhusbolig,9400,12,4.8,144.6,4,0
57.0,2,Vejlby,1,3,privat,7325.0,2026-01-02,aarhusbolig,9800,20,5.2,128.5,1,0
64.0,2,Brabrand,0,2,privat,7050.0,2024-09-17,aarhusbolig,13100,24,5.5,110.2,9,0
48.0,2,Viby,1,1,almen,4000.0,2024-06-19,aarhusbolig,15600,28,6.0,83.3,6,1
102.0,4,Skejby,0,4+,privat,14200.0,2025-01-12,aarhusbolig,6700,8,7.8,139.2,1,0
49.0,2,Aarhus C,0,1,almen,5850.0,2025-12-06,aarhusbolig,8200,18,0.5,119.4,12,1
28.0,1,Aarhus C,0,3,privat,4850.0,2026-04-21,aarhusbolig,8200,18,0.5,173.2,4,0
87.0,3,Hasle,1,stuen,almen,5675.0,2024-11-27,aarhusbolig,10300,19,3.9,65.2,11,1
85.0,4,Centrum,0,2,almen,9375.0,2025-03-02,aarhusbolig,6100,22,0.2,110.3,3,1
70.0,2,Aarhus C,0,1,almen,7650.0,2025-05-21,aarhusbolig,8200,18,0.5,109.3,5,1
75.0,3,Trøjborg,1,3,almen,6050.0,2024-07-25,aarhusbolig,7300,45,2.1,80.7,7,1
64.0,2,Hasle,1,1,privat,7425.0,2025-11-26,aarhusbolig,10300,19,3.9,116.0,11,0
90.0,3,Aarhus C,1,4+,privat,16025.0,2024-07-15,aarhusbolig,8200,18,0.5,178.1,7,0
121.0,4,Aarhus C,0,2,privat,21575.0,2025-05-31,aarhusbolig,8200,18,0.5,178.3,5,0
48.0,2,Risskov,0,4+,privat,7500.0,2026-05-11,aarhusbolig,9400,12,4.8,156.2,5,0
54.0,2,Risskov,0,1,almen,4675.0,2025-10-16,aarhusbolig,9400,12,4.8,86.6,10,1
58.0,3,Vejlby,1,1,privat,7550.0,2025-12-09,aarhusbolig,9800,20,5.2,130.2,12,0
34.0,2,Åbyhøj,0,stuen,privat,4475.0,2024-10-31,aarhusbolig,11200,15,3.5,131.6,10,0
28.0,2,Hasle,0,2,almen,2200.0,2026-04-19,aarhusbolig,10300,19,3.9,78.6,4,1
88.0,4,Hasle,1,stuen,privat,10025.0,2025-08-16,aarhusbolig,10300,19,3.9,113.9,8,0
105.0,3,Viby,0,1,privat,12125.0,2025-03-15,aarhusbolig,15600,28,6.0,115.5,3,0
44.0,3,Viby,1,stuen,privat,5800.0,2025-08-15,aarhusbolig,15600,28,6.0,131.8,8,0
77.0,2,Vejlby,0,4+,privat,8750.0,2025-11-07,aarhusbolig,9800,20,5.2,113.6,11,0
92.0,3,Skejby,0,4+,privat,12525.0,2024-11-16,aarhusbolig,6700,8,7.8,136.1,11,0
55.0,1,Brabrand,1,1,privat,5800.0,2025-03-06,aarhusbolig,13100,24,5.5,105.5,3,0
61.0,2,Centrum,0,2,privat,10475.0,2025-07-21,aarhusbolig,6100,22,0.2,171.7,7,0
78.0,4,Viby,1,4+,privat,7800.0,2026-04-02,aarhusbolig,15600,28,6.0,100.0,4,0
62.0,2,Trøjborg,1,3,privat,8750.0,2026-07-04,aarhusbolig,7300,45,2.1,141.1,7,0
44.0,1,Brabrand,0,stuen,privat,4500.0,2025-06-03,aarhusbolig,13100,24,5.5,102.3,6,0
33.0,2,Vejlby,0,2,almen,2925.0,2024-08-05,aarhusbolig,9800,20,5.2,88.6,8,1
91.0,3,Aarhus C,0,1,almen,9975.0,2024-07-27,aarhusbolig,8200,18,0.5,109.6,7,1
39.0,2,Åbyhøj,1,2,privat,4850.0,2026-01-15,aarhusbolig,11200,15,3.5,124.4,1,0
62.0,2,Hasle,0,3,privat,7075.0,2026-01-09,aarhusbolig,10300,19,3.9,114.1,1,0
103.0,4,Risskov,1,1,almen,10025.0,2026-05-24,aarhusbolig,9400,12,4.8,97.3,5,1
45.0,1,Risskov,1,2,privat,7175.0,2025-10-06,aarhusbolig,9400,12,4.8,159.4,10,0
105.0,4,Aarhus C,0,2,privat,18825.0,2025-12-20,aarhusbolig,8200,18,0.5,179.3,12,0
29.0,1,Centrum,0,4+,privat,5350.0,2025-09-21,aarhusbolig,6100,22,0.2,184.5,9,0
50.0,2,Trøjborg,0,3,privat,6850.0,2024-10-13,aarhusbolig,7300,45,2.1,137.0,10,0
88.0,2,Åbyhøj,0,2,almen,6700.0,2024-08-30,aarhusbolig,11200,15,3.5,76.1,8,1
86.0,3,Brabrand,0,4+,privat,9375.0,2024-09-28,aarhusbolig,13100,24,5.5,109.0,9,0
54.0,2,Brabrand,1,3,privat,5750.0,2026-01-21,aarhusbolig,13100,24,5.5,106.5,1,0
60.0,2,Trøjborg,0,4+,almen,5000.0,2025-01-23,aarhusbolig,7300,45,2.1,83.3,1,1
78.0,3,Centrum,0,3,privat,13650.0,2025-04-18,aarhusbolig,6100,22,0.2,175.0,4,0
31.0,2,Aarhus C,1,1,privat,5725.0,2025-03-06,aarhusbolig,8200,18,0.5,184.7,3,0
53.0,2,Aarhus C,0,2,almen,5825.0,2025-06-01,aarhusbolig,8200,18,0.5,109.9,6,1
73.0,3,Centrum,0,2,privat,12750.0,2024-11-29,aarhusbolig,6100,22,0.2,174.7,11,0
90.0,3,Aarhus C,1,1,privat,15900.0,2025-12-26,aarhusbolig,8200,18,0.5,176.7,12,0
45.0,2,Viby,0,1,privat,5225.0,2025-11-03,aarhusbolig,15600,28,6.0,116.1,11,0
65.0,3,Aarhus C,0,4+,almen,7975.0,2025-10-22,aarhusbolig,8200,18,0.5,122.7,10,1
57.0,2,Hasle,0,4+,privat,7250.0,2024-11-24,aarhusbolig,10300,19,3.9,127.2,11,0
74.0,2,Vejlby,0,1,almen,5325.0,2026-03-17,aarhusbolig,9800,20,5.2,72.0,3,1
83.0,3,Viby,0,3,privat,8750.0,2026-05-24,aarhusbolig,15600,28,6.0,105.4,5,0
88.0,3,Skejby,0,4+,privat,12525.0,2025-11-11,aarhusbolig,6700,8,7.8,142.3,11,0
90.0,3,Centrum,0,3,privat,14950.0,2024-06-17,aarhusbolig,6100,22,0.2,166.1,6,0
54.0,2,Skejby,1,3,privat,7025.0,2025-12-22,aarhusbolig,6700,8,7.8,130.1,12,0
63.0,3,Hasle,1,4+,almen,5075.0,2024-11-14,aarhusbolig,10300,19,3.9,80.6,11,1
77.0,3,Vejlby,0,3,privat,9075.0,2025-11-12,aarhusbolig,9800,20,5.2,117.9,11,0
86.0,3,Centrum,0,3,privat,15025.0,2025-12-27,aarhusbolig,6100,22,0.2,174.7,12,0
81.0,3,Viby,1,3,privat,10025.0,2025-05-09,aarhusbolig,15600,28,6.0,123.8,5,0
77.0,2,Hasle,0,1,privat,9450.0,2025-04-06,aarhusbolig,10300,19,3.9,122.7,4,0
46.0,2,Vejlby,1,1,privat,5700.0,2025-05-19,aarhusbolig,9800,20,5.2,123.9,5,0
68.0,3,Risskov,1,2,almen,6100.0,2026-04-13,aarhusbolig,9400,12,4.8,89.7,4,1
73.0,2,Centrum,1,3,almen,7975.0,2026-02-26,aarhusbolig,6100,22,0.2,109.2,2,1
82.0,3,Centrum,1,2,privat,15550.0,2024-07-21,aarhusbolig,6100,22,0.2,189.6,7,0
70.0,3,Risskov,0,4+,almen,7650.0,2026-01-11,aarhusbolig,9400,12,4.8,109.3,1,1
72.0,2,Viby,0,stuen,privat,8475.0,2025-06-12,aarhusbolig,15600,28,6.0,117.7,6,0
65.0,3,Skejby,0,stuen,privat,9075.0,2024-12-24,aarhusbolig,6700,8,7.8,139.6,12,0
86.0,3,Brabrand,0,1,almen,5400.0,2026-04-15,aarhusbolig,13100,24,5.5,62.8,4,1
62.0,2,Centrum,1,2,privat,10700.0,2026-01-22,aarhusbolig,6100,22,0.2,172.6,1,0
88.0,3,Centrum,0,3,privat,16125.0,2025-08-19,aarhusbolig,6100,22,0.2,183.2,8,0
63.0,3,Aarhus C,1,2,almen,7325.0,2025-01-07,aarhusbolig,8200,18,0.5,116.3,1,1
70.0,3,Brabrand,0,stuen,privat,6425.0,2024-09-04,aarhusbolig,13100,24,5.5,91.8,9,0
32.0,1,Vejlby,0,stuen,privat,3725.0,2024-08-01,aarhusbolig,9800,20,5.2,116.4,8,0
93.0,4,Centrum,0,4+,privat,15400.0,2026-05-26,aarhusbolig,6100,22,0.2,165.6,5,0
101.0,3,Risskov,1,3,almen,10400.0,2024-10-28,aarhusbolig,9400,12,4.8,103.0,10,1
44.0,2,Aarhus C,1,3,privat,7600.0,2026-03-29,aarhusbolig,8200,18,0.5,172.7,3,0
29.0,1,Brabrand,1,1,almen,2200.0,2025-12-15,aarhusbolig,13100,24,5.5,75.9,12,1
50.0,2,Brabrand,1,ukendt,privat,5125.0,2025-03-16,lejeboligmatch,13100,24,5.5,102.5,3,0
100.0,3,Åbyhøj,0,ukendt,privat,13675.0,2024-11-23,lejeboligmatch,11200,15,3.5,136.8,11,0
98.0,4,Vejlby,0,ukendt,privat,12500.0,2025-06-21,lejeboligmatch,9800,20,5.2,127.6,6,0
74.0,2,Viby,0,ukendt,almen,2450.0,2025-10-11,lejeboligmatch,15600,28,6.0,33.1,10,1
33.0,1,Vejlby,1,ukendt,privat,3925.0,2024-10-23,lejeboligmatch,9800,20,5.2,118.9,10,0
27.0,1,Åbyhøj,1,ukendt,privat,3325.0,2025-06-29,lejeboligmatch,11200,15,3.5,123.1,6,0
70.0,5,Vejlby,0,ukendt,privat,14650.0,2026-01-18,lejeboligmatch,9800,20,5.2,209.3,1,0
70.0,2,Viby,0,ukendt,almen,4200.0,2025-11-30,lejeboligmatch,15600,28,6.0,60.0,11,1
67.0,4,Viby,0,ukendt,almen,4575.0,2025-05-18,lejeboligmatch,15600,28,6.0,68.3,5,1
81.0,4,Hasle,0,ukendt,privat,9450.0,2024-09-04,lejeboligmatch,10300,19,3.9,116.7,9,0
45.0,1,Vejlby,0,ukendt,privat,5125.0,2025-11-04,lejeboligmatch,9800,20,5.2,113.9,11,0
64.0,3,Hasle,1,ukendt,privat,8225.0,2024-10-18,lejeboligmatch,10300,19,3.9,128.5,10,0
40.0,1,Hasle,0,ukendt,almen,2875.0,2025-07-26,lejeboligmatch,10300,19,3.9,71.9,7,1
83.0,3,Brabrand,1,ukendt,almen,5475.0,2026-01-26,lejeboligmatch,13100,24,5.5,66.0,1,1
45.0,2,Trøjborg,1,ukendt,privat,6150.0,2024-09-16,lejeboligmatch,7300,45,2.1,136.7,9,0
69.0,3,Brabrand,0,ukendt,privat,8575.0,2025-02-24,lejeboligmatch,13100,24,5.5,124.3,2,0
93.0,3,Aarhus C,1,ukendt,almen,10175.0,2024-08-12,lejeboligmatch,8200,18,0.5,109.4,8,1
65.0,3,Hasle,1,ukendt,privat,7425.0,2026-07-22,lejeboligmatch,10300,19,3.9,114.2,7,0
88.0,3,Hasle,0,ukendt,privat,10025.0,2025-07-29,lejeboligmatch,10300,19,3.9,113.9,7,0
39.0,2,Risskov,0,ukendt,almen,3700.0,2026-01-27,lejeboligmatch,9400,12,4.8,94.9,1,1
39.0,1,Aarhus C,0,ukendt,privat,6550.0,2025-12-25,lejeboligmatch,8200,18,0.5,167.9,12,0
73.0,2,Risskov,1,ukendt,privat,10900.0,2025-04-14,lejeboligmatch,9400,12,4.8,149.3,4,0
63.0,2,Brabrand,0,ukendt,privat,6950.0,2025-05-09,lejeboligmatch,13100,24,5.5,110.3,5,0
34.0,2,Trøjborg,1,ukendt,almen,3600.0,2024-10-09,lejeboligmatch,7300,45,2.1,105.9,10,1
56.0,1,Skejby,1,ukendt,privat,6375.0,2024-07-26,lejeboligmatch,6700,8,7.8,113.8,7,0
64.0,3,Trøjborg,0,ukendt,privat,13875.0,2026-01-03,lejeboligmatch,7300,45,2.1,216.8,1,0
51.0,2,Aarhus C,1,ukendt,almen,6675.0,2025-07-20,lejeboligmatch,8200,18,0.5,130.9,7,1
69.0,2,Åbyhøj,1,ukendt,almen,5575.0,2025-03-11,lejeboligmatch,11200,15,3.5,80.8,3,1
59.0,2,Åbyhøj,1,ukendt,privat,6925.0,2025-07-19,lejeboligmatch,11200,15,3.5,117.4,7,0
73.0,2,Åbyhøj,0,ukendt,privat,9250.0,2025-09-20,lejeboligmatch,11200,15,3.5,126.7,9,0
76.0,3,Åbyhøj,0,ukendt,privat,9350.0,2026-02-04,lejeboligmatch,11200,15,3.5,123.0,2,0
82.0,3,Vejlby,1,ukendt,privat,10575.0,2026-05-09,lejeboligmatch,9800,20,5.2,129.0,5,0
80.0,4,Viby,0,ukendt,almen,6525.0,2026-07-10,lejeboligmatch,15600,28,6.0,81.6,7,1
88.0,2,Brabrand,1,ukendt,privat,8875.0,2026-07-08,lejeboligmatch,13100,24,5.5,100.9,7,0
78.0,4,Centrum,1,ukendt,privat,14275.0,2025-09-05,lejeboligmatch,6100,22,0.2,183.0,9,0
73.0,3,Skejby,0,ukendt,privat,10200.0,2024-07-24,lejeboligmatch,6700,8,7.8,139.7,7,0
56.0,2,Aarhus C,1,ukendt,almen,6700.0,2025-08-16,lejeboligmatch,8200,18,0.5,119.6,8,1
16.0,1,Vejlby,0,ukendt,almen,2200.0,2026-04-28,lejeboligmatch,9800,20,5.2,137.5,4,1
59.0,2,Trøjborg,1,ukendt,almen,5450.0,2024-12-17,lejeboligmatch,7300,45,2.1,92.4,12,1
49.0,1,Hasle,1,ukendt,privat,5325.0,2026-01-14,lejeboligmatch,10300,19,3.9,108.7,1,0
51.0,3,Vejlby,0,ukendt,privat,7375.0,2024-12-11,lejeboligmatch,9800,20,5.2,144.6,12,0
26.0,1,Åbyhøj,1,ukendt,privat,3275.0,2025-06-29,lejeboligmatch,11200,15,3.5,126.0,6,0
86.0,3,Risskov,1,ukendt,privat,12750.0,2024-09-13,lejeboligmatch,9400,12,4.8,148.3,9,0
23.0,1,Risskov,1,ukendt,almen,2200.0,2026-02-06,lejeboligmatch,9400,12,4.8,95.7,2,1
78.0,3,Hasle,0,ukendt,almen,7400.0,2025-01-14,lejeboligmatch,10300,19,3.9,94.9,1,1
62.0,3,Centrum,0,ukendt,privat,11475.0,2024-08-11,lejeboligmatch,6100,22,0.2,185.1,8,0
78.0,3,Trøjborg,0,ukendt,almen,6475.0,2026-06-03,lejeboligmatch,7300,45,2.1,83.0,6,1
89.0,3,Skejby,0,ukendt,privat,12550.0,2025-06-26,lejeboligmatch,6700,8,7.8,141.0,6,0
116.0,4,Risskov,0,ukendt,almen,11075.0,2025-05-11,lejeboligmatch,9400,12,4.8,95.5,5,1
101.0,3,Viby,0,ukendt,almen,7275.0,2024-06-26,lejeboligmatch,15600,28,6.0,72.0,6,1
93.0,4,Risskov,1,ukendt,almen,8600.0,2025-12-29,lejeboligmatch,9400,12,4.8,92.5,12,1
103.0,4,Åbyhøj,0,ukendt,privat,13675.0,2025-11-09,lejeboligmatch,11200,15,3.5,132.8,11,0
69.0,3,Vejlby,0,ukendt,almen,6650.0,2024-10-26,lejeboligmatch,9800,20,5.2,96.4,10,1
70.0,3,Risskov,0,ukendt,privat,9925.0,2026-07-03,lejeboligmatch,9400,12,4.8,141.8,7,0
56.0,2,Skejby,1,ukendt,almen,4375.0,2025-05-20,lejeboligmatch,6700,8,7.8,78.1,5,1
75.0,4,Skejby,0,ukendt,privat,9775.0,2025-09-25,lejeboligmatch,6700,8,7.8,130.3,9,0
95.0,3,Trøjborg,0,ukendt,privat,13325.0,2026-07-19,lejeboligmatch,7300,45,2.1,140.3,7,0
68.0,2,Åbyhøj,0,ukendt,privat,7850.0,2025-10-15,lejeboligmatch,11200,15,3.5,115.4,10,0
68.0,3,Aarhus C,1,ukendt,privat,11675.0,2025-02-08,lejeboligmatch,8200,18,0.5,171.7,2,0
53.0,2,Aarhus C,1,ukendt,almen,5775.0,2024-07-05,lejeboligmatch,8200,18,0.5,109.0,7,1
106.0,4,Viby,1,ukendt,almen,8825.0,2024-12-28,lejeboligmatch,15600,28,6.0,83.3,12,1
68.0,2,Aarhus C,0,ukendt,privat,10875.0,2025-08-09,lejeboligmatch,8200,18,0.5,159.9,8,0
81.0,3,Centrum,1,ukendt,privat,13950.0,2024-06-20,lejeboligmatch,6100,22,0.2,172.2,6,0
63.0,2,Risskov,1,ukendt,privat,9925.0,2024-08-13,lejeboligmatch,9400,12,4.8,157.5,8,0
65.0,3,Aarhus C,0,ukendt,privat,13725.0,2024-06-24,lejeboligmatch,8200,18,0.5,211.2,6,0
24.0,1,Aarhus C,0,ukendt,privat,4600.0,2026-01-21,lejeboligmatch,8200,18,0.5,191.7,1,0
71.0,3,Aarhus C,0,ukendt,privat,13400.0,2024-06-21,lejeboligmatch,8200,18,0.5,188.7,6,0
53.0,2,Åbyhøj,1,ukendt,almen,4400.0,2024-10-15,lejeboligmatch,11200,15,3.5,83.0,10,1
99.0,3,Brabrand,0,ukendt,privat,11750.0,2025-04-16,lejeboligmatch,13100,24,5.5,118.7,4,0
87.0,4,Aarhus C,1,ukendt,privat,16100.0,2024-09-16,lejeboligmatch,8200,18,0.5,185.1,9,0
61.0,3,Vejlby,0,ukendt,privat,8275.0,2024-08-28,lejeboligmatch,9800,20,5.2,135.7,8,0
51.0,2,Vejlby,0,ukendt,privat,5750.0,2025-02-27,lejeboligmatch,9800,20,5.2,112.7,2,0
45.0,1,Vejlby,0,ukendt,almen,3650.0,2025-12-22,lejeboligmatch,9800,20,5.2,81.1,12,1
74.0,4,Viby,1,ukendt,privat,8975.0,2026-05-06,lejeboligmatch,15600,28,6.0,121.3,5,0
51.0,2,Trøjborg,0,ukendt,almen,4225.0,2024-07-16,lejeboligmatch,7300,45,2.1,82.8,7,1
109.0,4,Skejby,0,ukendt,privat,14425.0,2024-08-12,lejeboligmatch,6700,8,7.8,132.3,8,0
43.0,2,Risskov,1,ukendt,privat,6725.0,2025-06-22,lejeboligmatch,9400,12,4.8,156.4,6,0
74.0,2,Viby,1,ukendt,almen,3525.0,2024-06-01,lejeboligmatch,15600,28,6.0,47.6,6,1
44.0,2,Viby,0,ukendt,almen,3525.0,2025-02-11,lejeboligmatch,15600,28,6.0,80.1,2,1
33.0,1,Vejlby,1,ukendt,almen,2825.0,2026-07-03,lejeboligmatch,9800,20,5.2,85.6,7,1
77.0,2,Aarhus C,0,ukendt,privat,13400.0,2025-04-25,lejeboligmatch,8200,18,0.5,174.0,4,0
49.0,2,Skejby,0,ukendt,almen,4150.0,2024-10-15,lejeboligmatch,6700,8,7.8,84.7,10,1
96.0,4,Hasle,0,ukendt,privat,11625.0,2026-05-26,lejeboligmatch,10300,19,3.9,121.1,5,0
69.0,3,Åbyhøj,1,ukendt,privat,8875.0,2024-11-15,lejeboligmatch,11200,15,3.5,128.6,11,0
22.0,1,Åbyhøj,0,ukendt,almen,2200.0,2025-07-19,lejeboligmatch,11200,15,3.5,100.0,7,1
47.0,1,Åbyhøj,0,ukendt,privat,4950.0,2026-04-13,lejeboligmatch,11200,15,3.5,105.3,4,0
67.0,3,Skejby,0,ukendt,almen,6125.0,2026-03-13,lejeboligmatch,6700,8,7.8,91.4,3,1
98.0,4,Viby,0,ukendt,almen,6900.0,2026-04-07,lejeboligmatch,15600,28,6.0,70.4,4,1
64.0,1,Trøjborg,0,ukendt,privat,7500.0,2024-08-30,lejeboligmatch,7300,45,2.1,117.2,8,0
60.0,2,Centrum,0,ukendt,privat,11525.0,2025-11-04,lejeboligmatch,6100,22,0.2,192.1,11,0
31.0,1,Viby,0,ukendt,privat,3550.0,2024-08-16,lejeboligmatch,15600,28,6.0,114.5,8,0
97.0,4,Hasle,1,ukendt,privat,11200.0,2026-07-06,lejeboligmatch,10300,19,3.9,115.5,7,0
16.0,1,Risskov,1,ukendt,almen,2200.0,2025-11-11,lejeboligmatch,9400,12,4.8,137.5,11,1
73.0,2,Aarhus C,1,ukendt,privat,13150.0,2026-06-04,lejeboligmatch,8200,18,0.5,180.1,6,0
67.0,3,Aarhus C,1,ukendt,almen,7475.0,2025-04-07,lejeboligmatch,8200,18,0.5,111.6,4,1
75.0,3,Hasle,0,ukendt,privat,9325.0,2024-07-17,lejeboligmatch,10300,19,3.9,124.3,7,0
82.0,3,Vejlby,1,ukendt,almen,6675.0,2025-06-05,lejeboligmatch,9800,20,5.2,81.4,6,1
93.0,3,Trøjborg,1,ukendt,privat,12550.0,2024-08-03,lejeboligmatch,7300,45,2.1,134.9,8,0
68.0,2,Centrum,0,ukendt,privat,11400.0,2025-04-07,lejeboligmatch,6100,22,0.2,167.6,4,0
26.0,1,Trøjborg,1,ukendt,privat,3625.0,2024-10-23,lejeboligmatch,7300,45,2.1,139.4,10,0
105.0,3,Skejby,0,ukendt,almen,8500.0,2025-07-12,lejeboligmatch,6700,8,7.8,81.0,7,1
53.0,3,Brabrand,0,ukendt,privat,5975.0,2025-10-18,lejeboligmatch,13100,24,5.5,112.7,10,0
89.0,3,Skejby,0,ukendt,privat,11350.0,2025-09-16,lejeboligmatch,6700,8,7.8,127.5,9,0
60.0,2,Viby,0,ukendt,almen,3975.0,2025-10-06,lejeboligmatch,15600,28,6.0,66.2,10,1
85.0,3,Trøjborg,1,ukendt,almen,8150.0,2025-11-22,lejeboligmatch,7300,45,2.1,95.9,11,1
69.0,3,Brabrand,1,ukendt,privat,7100.0,2026-05-12,lejeboligmatch,13100,24,5.5,102.9,5,0
57.0,3,Centrum,1,ukendt,privat,9350.0,2026-03-26,lejeboligmatch,6100,22,0.2,164.0,3,0
88.0,2,Åbyhøj,1,ukendt,privat,10500.0,2026-01-29,lejeboligmatch,11200,15,3.5,119.3,1,0
16.0,1,Trøjborg,0,ukendt,privat,2450.0,2026-01-29,lejeboligmatch,7300,45,2.1,153.1,1,0
67.0,2,Centrum,1,ukendt,almen,7350.0,2025-05-26,lejeboligmatch,6100,22,0.2,109.7,5,1
67.0,3,Centrum,1,ukendt,privat,11750.0,2026-03-07,lejeboligmatch,6100,22,0.2,175.4,3,0
76.0,3,Trøjborg,0,ukendt,privat,11375.0,2024-09-15,lejeboligmatch,7300,45,2.1,149.7,9,0
53.0,1,Aarhus C,0,ukendt,almen,5850.0,2024-06-18,lejeboligmatch,8200,18,0.5,110.4,6,1
20.0,1,Aarhus C,0,ukendt,almen,2325.0,2025-05-06,lejeboligmatch,8200,18,0.5,116.2,5,1
75.0,3,Åbyhøj,1,ukendt,privat,8425.0,2025-10-30,lejeboligmatch,11200,15,3.5,112.3,10,0
38.0,2,Viby,0,ukendt,privat,4900.0,2024-11-12,lejeboligmatch,15600,28,6.0,128.9,11,0
82.0,3,Viby,1,ukendt,privat,9575.0,2026-02-22,lejeboligmatch,15600,28,6.0,116.8,2,0
76.0,3,Aarhus C,0,ukendt,almen,9275.0,2024-06-18,lejeboligmatch,8200,18,0.5,122.0,6,1
66.0,2,Aarhus C,1,ukendt,privat,10925.0,2026-04-19,lejeboligmatch,8200,18,0.5,165.5,4,0
103.0,4,Aarhus C,1,ukendt,privat,17725.0,2024-10-06,lejeboligmatch,8200,18,0.5,172.1,10,0
68.0,3,Risskov,0,ukendt,privat,14675.0,2025-08-06,lejeboligmatch,9400,12,4.8,215.8,8,0
42.0,1,Vejlby,1,ukendt,privat,4800.0,2026-04-27,lejeboligmatch,9800,20,5.2,114.3,4,0
24.0,1,Vejlby,0,ukendt,almen,2200.0,2026-05-03,lejeboligmatch,9800,20,5.2,91.7,5,1
100.0,4,Hasle,1,ukendt,almen,9175.0,2025-11-28,lejeboligmatch,10300,19,3.9,91.8,11,1
122.0,5,Viby,1,ukendt,privat,13225.0,2026-05-10,lejeboligmatch,15600,28,6.0,108.4,5,0
49.0,2,Viby,0,ukendt,almen,3650.0,2024-08-30,lejeboligmatch,15600,28,6.0,74.5,8,1
67.0,3,Skejby,1,ukendt,privat,9750.0,2026-04-22,lejeboligmatch,6700,8,7.8,145.5,4,0
44.0,3,Risskov,0,ukendt,privat,6475.0,2024-07-06,lejeboligmatch,9400,12,4.8,147.2,7,0
51.0,2,Hasle,0,ukendt,privat,6000.0,2024-08-19,lejeboligmatch,10300,19,3.9,117.6,8,0
138.0,5,Hasle,0,ukendt,privat,18350.0,2024-10-17,lejeboligmatch,10300,19,3.9,133.0,10,0
77.0,3,Viby,1,ukendt,almen,5300.0,2025-04-11,lejeboligmatch,15600,28,6.0,68.8,4,1
69.0,2,Brabrand,0,ukendt,almen,5200.0,2026-03-21,lejeboligmatch,13100,24,5.5,75.4,3,1
71.0,3,Skejby,1,ukendt,privat,9450.0,2024-08-07,lejeboligmatch,6700,8,7.8,133.1,8,0
70.0,1,Vejlby,1,ukendt,almen,2875.0,2025-04-21,lejeboligmatch,9800,20,5.2,41.1,4,1
76.0,3,Skejby,0,ukendt,privat,9975.0,2024-09-25,lejeboligmatch,6700,8,7.8,131.2,9,0
112.0,5,Centrum,0,ukendt,almen,13000.0,2024-12-14,lejeboligmatch,6100,22,0.2,116.1,12,1
103.0,4,Aarhus C,1,ukendt,almen,11500.0,2026-03-12,lejeboligmatch,8200,18,0.5,111.7,3,1
55.0,2,Centrum,1,ukendt,almen,6750.0,2024-06-21,lejeboligmatch,6100,22,0.2,122.7,6,1
46.0,2,Centrum,0,ukendt,almen,4850.0,2024-11-20,lejeboligmatch,6100,22,0.2,105.4,11,1
84.0,4,Risskov,1,ukendt,privat,12725.0,2024-06-27,lejeboligmatch,9400,12,4.8,151.5,6,0
68.0,3,Risskov,0,ukendt,almen,5700.0,2024-08-09,lejeboligmatch,9400,12,4.8,83.8,8,1
65.0,3,Viby,0,ukendt,almen,5575.0,2024-11-07,lejeboligmatch,15600,28,6.0,85.8,11,1
49.0,1,Risskov,1,ukendt,almen,4800.0,2024-06-26,lejeboligmatch,9400,12,4.8,98.0,6,1
87.0,3,Brabrand,0,ukendt,privat,9625.0,2025-09-15,lejeboligmatch,13100,24,5.5,110.6,9,0
69.0,2,Brabrand,0,ukendt,privat,6925.0,2024-12-04,lejeboligmatch,13100,24,5.5,100.4,12,0
67.0,3,Brabrand,0,ukendt,privat,7500.0,2026-02-05,lejeboligmatch,13100,24,5.5,111.9,2,0
68.0,3,Risskov,0,ukendt,privat,11100.0,2024-06-25,lejeboligmatch,9400,12,4.8,163.2,6,0
77.0,3,Viby,0,ukendt,privat,8525.0,2026-06-06,lejeboligmatch,15600,28,6.0,110.7,6,0
43.0,1,Viby,0,ukendt,almen,3700.0,2025-12-24,lejeboligmatch,15600,28,6.0,86.0,12,1
42.0,2,Skejby,0,ukendt,almen,3575.0,2024-09-25,lejeboligmatch,6700,8,7.8,85.1,9,1
16.0,1,Åbyhøj,1,ukendt,privat,2200.0,2025-01-07,lejeboligmatch,11200,15,3.5,137.5,1,0
75.0,3,Trøjborg,1,ukendt,almen,7725.0,2024-08-14,lejeboligmatch,7300,45,2.1,103.0,8,1
113.0,4,Vejlby,1,ukendt,privat,13775.0,2025-11-04,lejeboligmatch,9800,20,5.2,121.9,11,0
92.0,3,Trøjborg,1,ukendt,privat,13275.0,2025-03-19,lejeboligmatch,7300,45,2.1,144.3,3,0
67.0,3,Aarhus C,1,ukendt,privat,12375.0,2024-10-03,lejeboligmatch,8200,18,0.5,184.7,10,0
40.0,2,Skejby,1,ukendt,privat,5600.0,2026-07-03,lejeboligmatch,6700,8,7.8,140.0,7,0
59.0,2,Aarhus C,1,ukendt,almen,6175.0,2026-05-18,lejeboligmatch,8200,18,0.5,104.7,5,1
52.0,2,Brabrand,0,ukendt,privat,5575.0,2025-06-22,lejeboligmatch,13100,24,5.5,107.2,6,0
76.0,2,Åbyhøj,1,ukendt,privat,9725.0,2026-01-29,lejeboligmatch,11200,15,3.5,128.0,1,0
61.0,2,Hasle,0,ukendt,privat,7400.0,2026-03-20,lejeboligmatch,10300,19,3.9,121.3,3,0
78.0,3,Vejlby,0,ukendt,privat,10725.0,2026-04-18,lejeboligmatch,9800,20,5.2,137.5,4,0
57.0,2,Hasle,0,ukendt,privat,6500.0,2025-05-02,lejeboligmatch,10300,19,3.9,114.0,5,0
35.0,1,Skejby,1,ukendt,almen,2675.0,2026-06-22,lejeboligmatch,6700,8,7.8,76.4,6,1
108.0,4,Trøjborg,1,ukendt,privat,14625.0,2024-12-20,lejeboligmatch,7300,45,2.1,135.4,12,0
35.0,2,Aarhus C,0,ukendt,privat,6625.0,2025-06-23,lejeboligmatch,8200,18,0.5,189.3,6,0
37.0,2,Aarhus C,1,ukendt,privat,6350.0,2026-03-04,lejeboligmatch,8200,18,0.5,171.6,3,0
49.0,1,Centrum,1,ukendt,privat,8150.0,2026-06-09,lejeboligmatch,6100,22,0.2,166.3,6,0
54.0,2,Brabrand,1,ukendt,privat,5075.0,2026-03-25,lejeboligmatch,13100,24,5.5,94.0,3,0
86.0,4,Åbyhøj,0,ukendt,almen,6275.0,2026-07-02,lejeboligmatch,11200,15,3.5,73.0,7,1
29.0,1,Skejby,1,ukendt,privat,3950.0,2024-10-10,findbolig,6700,8,7.8,136.2,10,0
66.0,2,Hasle,1,ukendt,privat,7200.0,2026-05-05,findbolig,10300,19,3.9,109.1,5,0
25.0,1,Aarhus C,1,ukendt,privat,3125.0,2024-08-16,findbolig,8200,18,0.5,125.0,8,0
74.0,2,Risskov,0,ukendt,privat,8000.0,2024-07-21,findbolig,9400,12,4.8,108.1,7,0
74.0,3,Trøjborg,1,ukendt,privat,10675.0,2024-08-20,findbolig,7300,45,2.1,144.3,8,0
59.0,2,Aarhus C,1,ukendt,privat,6025.0,2024-12-12,findbolig,8200,18,0.5,102.1,12,0
68.0,3,Trøjborg,0,ukendt,privat,10925.0,2025-03-11,findbolig,7300,45,2.1,160.7,3,0
76.0,3,Centrum,0,ukendt,privat,14800.0,2025-11-19,findbolig,6100,22,0.2,194.7,11,0
90.0,3,Centrum,0,ukendt,privat,8650.0,2024-12-05,findbolig,6100,22,0.2,96.1,12,0
59.0,2,Trøjborg,0,ukendt,privat,8775.0,2024-08-17,findbolig,7300,45,2.1,148.7,8,0
108.0,4,Risskov,0,ukendt,privat,16500.0,2024-12-04,findbolig,9400,12,4.8,152.8,12,0
39.0,2,Centrum,1,ukendt,privat,6950.0,2025-11-02,findbolig,6100,22,0.2,178.2,11,0
108.0,5,Åbyhøj,0,ukendt,privat,13425.0,2025-09-27,findbolig,11200,15,3.5,124.3,9,0
20.0,1,Vejlby,0,ukendt,privat,2200.0,2025-09-20,findbolig,9800,20,5.2,110.0,9,0
57.0,1,Centrum,0,ukendt,privat,10825.0,2025-06-10,findbolig,6100,22,0.2,189.9,6,0
101.0,3,Vejlby,0,ukendt,privat,12125.0,2024-12-23,findbolig,9800,20,5.2,120.0,12,0
74.0,3,Vejlby,1,ukendt,privat,8950.0,2025-10-08,findbolig,9800,20,5.2,120.9,10,0
85.0,3,Hasle,0,ukendt,privat,10450.0,2024-06-04,findbolig,10300,19,3.9,122.9,6,0
89.0,3,Hasle,0,ukendt,privat,10725.0,2026-06-25,findbolig,10300,19,3.9,120.5,6,0
85.0,3,Aarhus C,1,ukendt,privat,15650.0,2025-06-15,findbolig,8200,18,0.5,184.1,6,0
35.0,2,Trøjborg,0,ukendt,privat,3100.0,2025-10-07,findbolig,7300,45,2.1,88.6,10,0
44.0,1,Aarhus C,0,ukendt,privat,4975.0,2026-04-26,findbolig,8200,18,0.5,113.1,4,0
64.0,3,Trøjborg,0,ukendt,privat,10400.0,2024-07-07,findbolig,7300,45,2.1,162.5,7,0
75.0,3,Brabrand,1,ukendt,privat,7900.0,2025-08-15,findbolig,13100,24,5.5,105.3,8,0
75.0,3,Åbyhøj,1,ukendt,privat,5975.0,2025-09-05,findbolig,11200,15,3.5,79.7,9,0
63.0,2,Viby,0,ukendt,privat,7550.0,2026-06-25,findbolig,15600,28,6.0,119.8,6,0
59.0,1,Centrum,0,ukendt,privat,10350.0,2026-01-19,findbolig,6100,22,0.2,175.4,1,0
103.0,3,Viby,0,ukendt,privat,11200.0,2024-09-13,findbolig,15600,28,6.0,108.7,9,0
73.0,3,Risskov,0,ukendt,privat,7225.0,2025-06-18,findbolig,9400,12,4.8,99.0,6,0
79.0,2,Centrum,0,ukendt,privat,8000.0,2026-01-27,findbolig,6100,22,0.2,101.3,1,0
63.0,2,Risskov,1,ukendt,privat,6125.0,2026-03-19,findbolig,9400,12,4.8,97.2,3,0
56.0,3,Hasle,1,ukendt,privat,7250.0,2025-03-25,findbolig,10300,19,3.9,129.5,3,0
78.0,2,Viby,1,ukendt,privat,4950.0,2025-01-12,findbolig,15600,28,6.0,63.5,1,0
92.0,4,Viby,0,ukendt,privat,5775.0,2026-06-03,findbolig,15600,28,6.0,62.8,6,0
97.0,3,Skejby,0,ukendt,privat,7200.0,2026-03-18,findbolig,6700,8,7.8,74.2,3,0
79.0,3,Brabrand,1,ukendt,privat,4575.0,2025-05-31,findbolig,13100,24,5.5,57.9,5,0
35.0,1,Centrum,1,ukendt,privat,6350.0,2025-10-17,findbolig,6100,22,0.2,181.4,10,0
87.0,4,Åbyhøj,1,ukendt,privat,10700.0,2024-06-02,findbolig,11200,15,3.5,123.0,6,0
30.0,1,Centrum,0,ukendt,privat,5000.0,2026-04-29,findbolig,6100,22,0.2,166.7,4,0
40.0,1,Centrum,1,ukendt,privat,6975.0,2025-02-25,findbolig,6100,22,0.2,174.4,2,0
53.0,2,Aarhus C,0,ukendt,privat,9900.0,2025-03-17,findbolig,8200,18,0.5,186.8,3,0
49.0,3,Hasle,1,ukendt,privat,4100.0,2024-09-13,findbolig,10300,19,3.9,83.7,9,0
90.0,3,Aarhus C,0,ukendt,privat,15825.0,2026-07-05,findbolig,8200,18,0.5,175.8,7,0
79.0,3,Åbyhøj,1,ukendt,privat,5850.0,2026-01-23,findbolig,11200,15,3.5,74.1,1,0
83.0,2,Skejby,0,ukendt,privat,11800.0,2024-08-06,findbolig,6700,8,7.8,142.2,8,0
51.0,1,Åbyhøj,0,ukendt,privat,6175.0,2024-07-25,findbolig,11200,15,3.5,121.1,7,0
72.0,3,Viby,0,ukendt,privat,8150.0,2024-09-18,findbolig,15600,28,6.0,113.2,9,0
98.0,4,Viby,1,ukendt,privat,7025.0,2025-01-02,findbolig,15600,28,6.0,71.7,1,0
39.0,1,Trøjborg,1,ukendt,privat,3075.0,2024-12-28,findbolig,7300,45,2.1,78.8,12,0
55.0,2,Risskov,0,ukendt,privat,5625.0,2025-10-17,findbolig,9400,12,4.8,102.3,10,0
54.0,2,Aarhus C,1,ukendt,privat,6875.0,2026-07-28,findbolig,8200,18,0.5,127.3,7,0
44.0,2,Trøjborg,1,ukendt,privat,4550.0,2025-05-17,findbolig,7300,45,2.1,103.4,5,0
73.0,2,Vejlby,1,ukendt,privat,9100.0,2024-06-26,findbolig,9800,20,5.2,124.7,6,0
85.0,3,Hasle,1,ukendt,privat,10075.0,2024-09-14,findbolig,10300,19,3.9,118.5,9,0
75.0,3,Centrum,0,ukendt,privat,13500.0,2025-03-17,findbolig,6100,22,0.2,180.0,3,0
71.0,2,Åbyhøj,1,ukendt,privat,8750.0,2024-06-03,findbolig,11200,15,3.5,123.2,6,0
105.0,4,Brabrand,0,ukendt,privat,10575.0,2024-08-24,findbolig,13100,24,5.5,100.7,8,0
51.0,2,Vejlby,0,ukendt,privat,6350.0,2024-06-12,findbolig,9800,20,5.2,124.5,6,0
66.0,3,Risskov,0,ukendt,privat,6975.0,2026-02-07,findbolig,9400,12,4.8,105.7,2,0
99.0,3,Aarhus C,0,ukendt,privat,11425.0,2024-08-17,findbolig,8200,18,0.5,115.4,8,0
84.0,3,Vejlby,1,ukendt,privat,10725.0,2025-04-16,findbolig,9800,20,5.2,127.7,4,0
30.0,1,Risskov,1,ukendt,privat,4250.0,2025-10-23,findbolig,9400,12,4.8,141.7,10,0
126.0,5,Åbyhøj,1,ukendt,privat,13800.0,2025-11-21,findbolig,11200,15,3.5,109.5,11,0
92.0,3,Centrum,0,ukendt,privat,16675.0,2024-10-19,findbolig,6100,22,0.2,181.2,10,0
86.0,3,Vejlby,1,ukendt,privat,9700.0,2025-07-21,findbolig,9800,20,5.2,112.8,7,0
48.0,2,Trøjborg,0,ukendt,privat,6575.0,2026-04-27,findbolig,7300,45,2.1,137.0,4,0
52.0,2,Risskov,0,ukendt,privat,8000.0,2026-01-31,findbolig,9400,12,4.8,153.8,1,0
98.0,4,Risskov,0,ukendt,privat,15750.0,2025-05-12,findbolig,9400,12,4.8,160.7,5,0
75.0,4,Hasle,1,ukendt,privat,4700.0,2024-12-07,findbolig,10300,19,3.9,62.7,12,0
69.0,3,Åbyhøj,1,ukendt,privat,9225.0,2026-03-14,findbolig,11200,15,3.5,133.7,3,0
89.0,3,Risskov,1,ukendt,privat,9025.0,2026-01-07,findbolig,9400,12,4.8,101.4,1,0
33.0,1,Skejby,1,ukendt,privat,2850.0,2026-07-07,findbolig,6700,8,7.8,86.4,7,0
81.0,2,Risskov,0,ukendt,privat,11850.0,2025-05-19,findbolig,9400,12,4.8,146.3,5,0
63.0,2,Åbyhøj,1,ukendt,privat,5125.0,2026-05-18,findbolig,11200,15,3.5,81.3,5,0
95.0,3,Åbyhøj,1,ukendt,privat,10875.0,2025-12-09,findbolig,11200,15,3.5,114.5,12,0
65.0,3,Viby,1,ukendt,privat,4500.0,2025-05-23,findbolig,15600,28,6.0,69.2,5,0
54.0,2,Åbyhøj,1,ukendt,privat,6950.0,2025-04-30,findbolig,11200,15,3.5,128.7,4,0
48.0,1,Trøjborg,0,ukendt,privat,6175.0,2025-10-06,findbolig,7300,45,2.1,128.6,10,0
82.0,3,Centrum,1,ukendt,privat,13475.0,2025-01-19,findbolig,6100,22,0.2,164.3,1,0
28.0,1,Centrum,1,ukendt,privat,3225.0,2026-01-12,findbolig,6100,22,0.2,115.2,1,0
107.0,4,Risskov,0,ukendt,privat,11525.0,2026-06-16,findbolig,9400,12,4.8,107.7,6,0
67.0,3,Skejby,0,ukendt,privat,5550.0,2024-10-20,findbolig,6700,8,7.8,82.8,10,0
78.0,3,Aarhus C,1,ukendt,privat,15025.0,2025-02-19,findbolig,8200,18,0.5,192.6,2,0
25.0,1,Centrum,0,ukendt,privat,3125.0,2026-06-09,findbolig,6100,22,0.2,125.0,6,0
46.0,1,Trøjborg,0,ukendt,privat,4000.0,2026-02-20,findbolig,7300,45,2.1,87.0,2,0
146.0,5,Brabrand,0,ukendt,privat,18000.0,2026-03-19,findbolig,13100,24,5.5,123.3,3,0
71.0,2,Vejlby,1,ukendt,privat,8050.0,2024-12-01,findbolig,9800,20,5.2,113.4,12,0
81.0,3,Risskov,0,ukendt,privat,12375.0,2024-12-25,findbolig,9400,12,4.8,152.8,12,0
32.0,1,Centrum,1,ukendt,privat,5500.0,2024-09-13,findbolig,6100,22,0.2,171.9,9,0
20.0,1,Viby,0,ukendt,privat,2525.0,2026-05-10,findbolig,15600,28,6.0,126.2,5,0
48.0,2,Trøjborg,0,ukendt,privat,6875.0,2026-03-23,findbolig,7300,45,2.1,143.2,3,0
92.0,4,Aarhus C,0,ukendt,privat,11300.0,2025-11-11,findbolig,8200,18,0.5,122.8,11,0
93.0,4,Aarhus C,0,ukendt,privat,11000.0,2026-03-29,findbolig,8200,18,0.5,118.3,3,0
45.0,1,Aarhus C,0,ukendt,privat,4800.0,2024-09-19,findbolig,8200,18,0.5,106.7,9,0
54.0,3,Vejlby,0,ukendt,privat,4650.0,2024-10-25,findbolig,9800,20,5.2,86.1,10,0
68.0,3,Viby,1,ukendt,privat,8350.0,2025-12-16,findbolig,15600,28,6.0,122.8,12,0
16.0,1,Trøjborg,0,ukendt,privat,2625.0,2025-07-31,findbolig,7300,45,2.1,164.1,7,0
73.0,3,Brabrand,0,ukendt,privat,9025.0,2025-05-04,findbolig,13100,24,5.5,123.6,5,0
88.0,3,Centrum,1,ukendt,privat,10725.0,2025-03-12,findbolig,6100,22,0.2,121.9,3,0
91.0,3,Centrum,1,ukendt,privat,16550.0,2026-02-20,findbolig,6100,22,0.2,181.9,2,0
72.0,2,Aarhus C,0,ukendt,privat,13300.0,2025-08-10,findbolig,8200,18,0.5,184.7,8,0
56.0,2,Centrum,0,ukendt,privat,6375.0,2025-12-16,findbolig,6100,22,0.2,113.8,12,0
72.0,2,Centrum,0,ukendt,privat,13000.0,2025-08-14,findbolig,6100,22,0.2,180.6,8,0
58.0,1,Trøjborg,1,ukendt,privat,8350.0,2025-05-23,findbolig,7300,45,2.1,144.0,5,0
39.0,1,Centrum,1,ukendt,privat,3900.0,2026-05-19,findbolig,6100,22,0.2,100.0,5,0
55.0,1,Aarhus C,1,ukendt,privat,6025.0,2024-06-18,findbolig,8200,18,0.5,109.5,6,0
58.0,2,Risskov,0,ukendt,privat,5700.0,2025-06-03,findbolig,9400,12,4.8,98.3,6,0
126.0,4,Centrum,0,ukendt,privat,22650.0,2025-08-25,findbolig,6100,22,0.2,179.8,8,0
51.0,2,Hasle,0,ukendt,privat,3950.0,2026-05-31,findbolig,10300,19,3.9,77.5,5,0
68.0,2,Trøjborg,1,ukendt,privat,10150.0,2025-09-29,findbolig,7300,45,2.1,149.3,9,0
62.0,2,Trøjborg,1,ukendt,privat,9525.0,2025-07-05,findbolig,7300,45,2.1,153.6,7,0
46.0,2,Skejby,0,ukendt,privat,5700.0,2025-09-25,findbolig,6700,8,7.8,123.9,9,0
76.0,2,Centrum,0,ukendt,privat,13825.0,2025-11-18,findbolig,6100,22,0.2,181.9,11,0
35.0,2,Trøjborg,0,ukendt,privat,3775.0,2026-04-10,findbolig,7300,45,2.1,107.9,4,0
53.0,2,Vejlby,0,ukendt,privat,7125.0,2024-09-26,findbolig,9800,20,5.2,134.4,9,0
69.0,4,Åbyhøj,0,ukendt,privat,9625.0,2024-09-03,findbolig,11200,15,3.5,139.5,9,0
76.0,2,Centrum,0,ukendt,privat,13250.0,2025-06-21,findbolig,6100,22,0.2,174.3,6,0
94.0,4,Aarhus C,0,ukendt,privat,18075.0,2025-11-21,findbolig,8200,18,0.5,192.3,11,0
90.0,3,Brabrand,1,ukendt,privat,10200.0,2026-04-26,findbolig,13100,24,5.5,113.3,4,0
24.0,1,Aarhus C,0,ukendt,privat,4400.0,2025-11-15,findbolig,8200,18,0.5,183.3,11,0
113.0,3,Åbyhøj,0,ukendt,privat,9100.0,2024-11-25,findbolig,11200,15,3.5,80.5,11,0
59.0,2,Aarhus C,0,ukendt,privat,10200.0,2024-09-30,findbolig,8200,18,0.5,172.9,9,0
165.0,6,Viby,0,ukendt,privat,17525.0,2025-06-16,findbolig,15600,28,6.0,106.2,6,0
111.0,5,Åbyhøj,1,ukendt,privat,13900.0,2026-04-14,findbolig,11200,15,3.5,125.2,4,0
50.0,2,Brabrand,1,ukendt,privat,6075.0,2025-10-16,findbolig,13100,24,5.5,121.5,10,0
64.0,2,Åbyhøj,0,ukendt,privat,8575.0,2025-01-02,findbolig,11200,15,3.5,134.0,1,0
79.0,3,Trøjborg,1,ukendt,privat,11800.0,2026-01-29,findbolig,7300,45,2.1,149.4,1,0
121.0,5,Viby,0,ukendt,privat,14725.0,2025-05-29,findbolig,15600,28,6.0,121.7,5,0
83.0,3,Brabrand,1,ukendt,privat,7175.0,2026-02-05,findbolig,13100,24,5.5,86.4,2,0
56.0,2,Åbyhøj,1,ukendt,privat,7325.0,2025-08-05,findbolig,11200,15,3.5,130.8,8,0
72.0,2,Skejby,1,ukendt,privat,9425.0,2026-06-11,findbolig,6700,8,7.8,130.9,6,0
65.0,3,Vejlby,0,ukendt,privat,8625.0,2025-07-29,findbolig,9800,20,5.2,132.7,7,0
68.0,2,Vejlby,0,ukendt,privat,8175.0,2025-04-07,findbolig,9800,20,5.2,120.2,4,0
85.0,3,Åbyhøj,1,ukendt,privat,10325.0,2026-07-23,findbolig,11200,15,3.5,121.5,7,0
92.0,4,Skejby,0,ukendt,privat,8775.0,2024-11-15,findbolig,6700,8,7.8,95.4,11,0
82.0,3,Viby,0,ukendt,privat,9175.0,2025-09-12,findbolig,15600,28,6.0,111.9,9,0
40.0,1,Åbyhøj,0,ukendt,privat,5300.0,2024-11-11,findbolig,11200,15,3.5,132.5,11,0
48.0,1,Åbyhøj,0,ukendt,privat,6125.0,2025-09-08,findbolig,11200,15,3.5,127.6,9,0
64.0,2,Vejlby,0,ukendt,privat,8225.0,2024-11-26,findbolig,9800,20,5.2,128.5,11,0
70.0,2,Risskov,1,ukendt,privat,11100.0,2025-03-15,findbolig,9400,12,4.8,158.6,3,0
53.0,2,Centrum,0,ukendt,privat,9450.0,2024-11-10,findbolig,6100,22,0.2,178.3,11,0
87.0,3,Vejlby,1,ukendt,privat,10600.0,2024-06-24,findbolig,9800,20,5.2,121.8,6,0
53.0,2,Aarhus C,1,ukendt,privat,9850.0,2024-06-26,findbolig,8200,18,0.5,185.8,6,0
110.0,3,Skejby,1,3,privat,13050.0,2024-07-24,lejebolig_dk,6700,8,7.8,118.6,7,0
61.0,3,Skejby,0,1,almen,5475.0,2025-10-13,lejebolig_dk,6700,8,7.8,89.8,10,1
56.0,2,Skejby,0,2,privat,7825.0,2024-11-03,lejebolig_dk,6700,8,7.8,139.7,11,0
16.0,1,Brabrand,1,2,privat,2200.0,2025-03-18,lejebolig_dk,13100,24,5.5,137.5,3,0
68.0,2,Åbyhøj,0,stuen,almen,4475.0,2025-12-22,lejebolig_dk,11200,15,3.5,65.8,12,1
60.0,1,Trøjborg,0,3,almen,6325.0,2024-10-09,lejebolig_dk,7300,45,2.1,105.4,10,1
55.0,1,Åbyhøj,0,1,privat,7125.0,2025-09-11,lejebolig_dk,11200,15,3.5,129.5,9,0
76.0,3,Aarhus C,1,2,almen,8500.0,2025-07-27,lejebolig_dk,8200,18,0.5,111.8,7,1
78.0,4,Aarhus C,0,3,privat,14625.0,2026-06-30,lejebolig_dk,8200,18,0.5,187.5,6,0
42.0,1,Åbyhøj,0,4+,privat,5200.0,2024-08-25,lejebolig_dk,11200,15,3.5,123.8,8,0
47.0,1,Risskov,0,2,privat,6950.0,2025-03-20,lejebolig_dk,9400,12,4.8,147.9,3,0
57.0,2,Aarhus C,1,2,almen,6825.0,2024-10-15,lejebolig_dk,8200,18,0.5,119.7,10,1
85.0,2,Risskov,1,stuen,almen,6700.0,2026-05-21,lejebolig_dk,9400,12,4.8,78.8,5,1
81.0,2,Vejlby,0,stuen,privat,10550.0,2026-01-03,lejebolig_dk,9800,20,5.2,130.2,1,0
37.0,1,Åbyhøj,1,3,almen,3000.0,2026-03-24,lejebolig_dk,11200,15,3.5,81.1,3,1
41.0,1,Trøjborg,0,1,privat,6200.0,2026-04-11,lejebolig_dk,7300,45,2.1,151.2,4,0
86.0,3,Viby,0,2,almen,7025.0,2026-05-04,lejebolig_dk,15600,28,6.0,81.7,5,1
106.0,5,Aarhus C,0,1,almen,13675.0,2025-02-26,lejebolig_dk,8200,18,0.5,129.0,2,1
67.0,2,Hasle,0,3,almen,5850.0,2025-05-13,lejebolig_dk,10300,19,3.9,87.3,5,1
52.0,2,Vejlby,1,1,privat,6750.0,2026-04-04,lejebolig_dk,9800,20,5.2,129.8,4,0
94.0,4,Trøjborg,1,3,almen,8600.0,2025-08-16,lejebolig_dk,7300,45,2.1,91.5,8,1
61.0,3,Skejby,0,2,almen,5775.0,2026-04-20,lejebolig_dk,6700,8,7.8,94.7,4,1
85.0,2,Brabrand,0,3,privat,8525.0,2025-01-07,lejebolig_dk,13100,24,5.5,100.3,1,0
105.0,4,Vejlby,0,1,privat,12275.0,2025-05-25,lejebolig_dk,9800,20,5.2,116.9,5,0
83.0,4,Vejlby,0,4+,almen,7150.0,2025-08-12,lejebolig_dk,9800,20,5.2,86.1,8,1
70.0,2,Skejby,1,2,privat,9425.0,2025-02-16,lejebolig_dk,6700,8,7.8,134.6,2,0
86.0,3,Hasle,1,2,privat,10975.0,2025-04-15,lejebolig_dk,10300,19,3.9,127.6,4,0
53.0,1,Hasle,1,2,privat,5125.0,2025-03-30,lejebolig_dk,10300,19,3.9,96.7,3,0
64.0,2,Centrum,0,1,privat,11500.0,2026-03-05,lejebolig_dk,6100,22,0.2,179.7,3,0
54.0,1,Aarhus C,0,3,privat,9825.0,2024-09-12,lejebolig_dk,8200,18,0.5,181.9,9,0
63.0,2,Centrum,0,1,privat,11075.0,2024-11-09,lejebolig_dk,6100,22,0.2,175.8,11,0
56.0,3,Risskov,0,1,privat,9475.0,2025-06-19,lejebolig_dk,9400,12,4.8,169.2,6,0
64.0,3,Centrum,0,4+,privat,10925.0,2024-11-02,lejebolig_dk,6100,22,0.2,170.7,11,0
59.0,2,Trøjborg,1,1,privat,8750.0,2026-01-11,lejebolig_dk,7300,45,2.1,148.3,1,0
70.0,2,Brabrand,1,3,privat,7050.0,2025-07-29,lejebolig_dk,13100,24,5.5,100.7,7,0
70.0,3,Centrum,1,stuen,privat,12275.0,2025-07-22,lejebolig_dk,6100,22,0.2,175.4,7,0
75.0,3,Risskov,1,2,privat,10900.0,2026-05-23,lejebolig_dk,9400,12,4.8,145.3,5,0
102.0,4,Viby,0,stuen,privat,11725.0,2025-05-21,lejebolig_dk,15600,28,6.0,115.0,5,0
31.0,1,Aarhus C,0,1,almen,3700.0,2025-01-01,lejebolig_dk,8200,18,0.5,119.4,1,1
99.0,3,Risskov,0,1,privat,15250.0,2026-05-02,lejebolig_dk,9400,12,4.8,154.0,5,0
62.0,3,Åbyhøj,0,2,almen,5450.0,2025-08-17,lejebolig_dk,11200,15,3.5,87.9,8,1
38.0,1,Viby,1,stuen,privat,4000.0,2025-08-05,lejebolig_dk,15600,28,6.0,105.3,8,0
64.0,2,Hasle,0,1,privat,8425.0,2025-01-12,lejebolig_dk,10300,19,3.9,131.6,1,0
70.0,3,Centrum,0,3,almen,7550.0,2026-02-02,lejebolig_dk,6100,22,0.2,107.9,2,1
94.0,4,Brabrand,1,3,privat,10050.0,2024-11-06,lejebolig_dk,13100,24,5.5,106.9,11,0
43.0,2,Trøjborg,0,3,almen,4375.0,2026-05-05,lejebolig_dk,7300,45,2.1,101.7,5,1
73.0,2,Aarhus C,0,2,almen,8150.0,2026-07-22,lejebolig_dk,8200,18,0.5,111.6,7,1
71.0,3,Centrum,1,3,privat,12900.0,2026-06-20,lejebolig_dk,6100,22,0.2,181.7,6,0
28.0,1,Trøjborg,0,2,privat,4175.0,2025-01-02,lejebolig_dk,7300,45,2.1,149.1,1,0
40.0,1,Viby,1,1,privat,5000.0,2025-03-08,lejebolig_dk,15600,28,6.0,125.0,3,0
82.0,3,Aarhus C,0,3,privat,15100.0,2024-06-14,lejebolig_dk,8200,18,0.5,184.1,6,0
85.0,3,Centrum,0,1,privat,15200.0,2024-07-27,lejebolig_dk,6100,22,0.2,178.8,7,0
94.0,4,Viby,0,stuen,privat,10350.0,2025-11-03,lejebolig_dk,15600,28,6.0,110.1,11,0
81.0,3,Viby,0,4+,privat,9675.0,2026-04-18,lejebolig_dk,15600,28,6.0,119.4,4,0
77.0,2,Centrum,1,stuen,almen,9050.0,2024-06-07,lejebolig_dk,6100,22,0.2,117.5,6,1
71.0,2,Aarhus C,0,3,almen,8300.0,2026-05-22,lejebolig_dk,8200,18,0.5,116.9,5,1
97.0,3,Vejlby,0,1,privat,11250.0,2024-07-18,lejebolig_dk,9800,20,5.2,116.0,7,0
48.0,1,Viby,1,4+,almen,3150.0,2026-07-14,lejebolig_dk,15600,28,6.0,65.6,7,1
65.0,3,Aarhus C,0,2,privat,11675.0,2025-01-04,lejebolig_dk,8200,18,0.5,179.6,1,0
77.0,3,Åbyhøj,0,4+,privat,9950.0,2025-05-19,lejebolig_dk,11200,15,3.5,129.2,5,0
30.0,2,Aarhus C,1,2,privat,5125.0,2025-12-12,lejebolig_dk,8200,18,0.5,170.8,12,0
99.0,4,Vejlby,0,3,privat,13900.0,2025-03-17,lejebolig_dk,9800,20,5.2,140.4,3,0
49.0,2,Aarhus C,1,2,privat,8700.0,2024-07-01,lejebolig_dk,8200,18,0.5,177.6,7,0
66.0,2,Aarhus C,0,4+,privat,11850.0,2025-05-05,lejebolig_dk,8200,18,0.5,179.5,5,0
120.0,4,Åbyhøj,0,2,privat,14925.0,2025-10-30,lejebolig_dk,11200,15,3.5,124.4,10,0
48.0,1,Brabrand,0,4+,privat,4975.0,2026-05-21,lejebolig_dk,13100,24,5.5,103.6,5,0
55.0,2,Aarhus C,1,2,almen,7075.0,2024-10-03,lejebolig_dk,8200,18,0.5,128.6,10,1
105.0,4,Aarhus C,0,4+,almen,11275.0,2025-01-25,lejebolig_dk,8200,18,0.5,107.4,1,1
42.0,1,Centrum,0,stuen,privat,7100.0,2025-05-15,lejebolig_dk,6100,22,0.2,169.0,5,0
58.0,2,Viby,0,1,privat,6200.0,2025-01-04,lejebolig_dk,15600,28,6.0,106.9,1,0
80.0,3,Centrum,0,4+,privat,13725.0,2024-07-06,lejebolig_dk,6100,22,0.2,171.6,7,0
79.0,3,Centrum,1,1,privat,14775.0,2024-12-31,lejebolig_dk,6100,22,0.2,187.0,12,0
82.0,3,Trøjborg,0,2,privat,11675.0,2025-08-26,lejebolig_dk,7300,45,2.1,142.4,8,0
77.0,4,Hasle,1,2,almen,5775.0,2025-03-09,lejebolig_dk,10300,19,3.9,75.0,3,1
100.0,5,Risskov,0,stuen,privat,14175.0,2025-06-12,lejebolig_dk,9400,12,4.8,141.8,6,0
92.0,3,Trøjborg,1,stuen,privat,13150.0,2025-06-22,lejebolig_dk,7300,45,2.1,142.9,6,0
82.0,3,Trøjborg,1,2,almen,7825.0,2025-10-10,lejebolig_dk,7300,45,2.1,95.4,10,1
52.0,2,Åbyhøj,0,1,privat,6475.0,2024-07-25,lejebolig_dk,11200,15,3.5,124.5,7,0
51.0,2,Trøjborg,0,4+,privat,7375.0,2024-06-14,lejebolig_dk,7300,45,2.1,144.6,6,0
22.0,2,Viby,1,1,privat,2800.0,2026-06-13,lejebolig_dk,15600,28,6.0,127.3,6,0
84.0,3,Centrum,0,1,privat,15100.0,2025-06-18,lejebolig_dk,6100,22,0.2,179.8,6,0
24.0,2,Åbyhøj,1,stuen,almen,2200.0,2026-04-13,lejebolig_dk,11200,15,3.5,91.7,4,1
89.0,4,Aarhus C,0,2,privat,15550.0,2026-02-07,lejebolig_dk,8200,18,0.5,174.7,2,0
112.0,4,Hasle,1,4+,privat,11900.0,2026-02-27,lejebolig_dk,10300,19,3.9,106.2,2,0
43.0,1,Trøjborg,1,4+,privat,6725.0,2024-11-20,lejebolig_dk,7300,45,2.1,156.4,11,0
52.0,2,Brabrand,0,2,privat,4900.0,2025-12-21,lejebolig_dk,13100,24,5.5,94.2,12,0
57.0,3,Vejlby,1,2,almen,4950.0,2026-02-26,lejebolig_dk,9800,20,5.2,86.8,2,1
88.0,3,Centrum,0,2,privat,15275.0,2026-07-12,lejebolig_dk,6100,22,0.2,173.6,7,0
47.0,2,Hasle,0,3,privat,5375.0,2024-06-18,lejebolig_dk,10300,19,3.9,114.4,6,0
65.0,3,Risskov,1,stuen,almen,6900.0,2025-02-28,lejebolig_dk,9400,12,4.8,106.2,2,1
55.0,3,Vejlby,1,4+,almen,4175.0,2025-03-12,lejebolig_dk,9800,20,5.2,75.9,3,1
62.0,3,Viby,1,4+,privat,7825.0,2025-07-07,lejebolig_dk,15600,28,6.0,126.2,7,0
99.0,3,Aarhus C,0,2,almen,10425.0,2025-11-14,lejebolig_dk,8200,18,0.5,105.3,11,1
45.0,1,Centrum,0,1,privat,7975.0,2025-11-02,lejebolig_dk,6100,22,0.2,177.2,11,0
70.0,3,Trøjborg,0,2,privat,11125.0,2024-12-23,lejebolig_dk,7300,45,2.1,158.9,12,0
75.0,3,Risskov,1,2,almen,6775.0,2025-09-17,lejebolig_dk,9400,12,4.8,90.3,9,1
89.0,3,Risskov,1,1,privat,15050.0,2025-02-15,lejebolig_dk,9400,12,4.8,169.1,2,0
38.0,1,Centrum,0,stuen,almen,4450.0,2025-12-18,lejebolig_dk,6100,22,0.2,117.1,12,1
95.0,3,Risskov,0,3,almen,7600.0,2025-04-03,lejebolig_dk,9400,12,4.8,80.0,4,1
78.0,2,Brabrand,1,4+,privat,8925.0,2024-10-20,lejebolig_dk,13100,24,5.5,114.4,10,0
89.0,3,Trøjborg,1,3,almen,9650.0,2026-01-18,lejebolig_dk,7300,45,2.1,108.4,1,1
70.0,2,Trøjborg,0,1,privat,10075.0,2024-10-20,lejebolig_dk,7300,45,2.1,143.9,10,0
29.0,1,Centrum,1,2,privat,4950.0,2025-08-03,lejebolig_dk,6100,22,0.2,170.7,8,0
52.0,2,Centrum,0,1,almen,6025.0,2024-07-13,lejebolig_dk,6100,22,0.2,115.9,7,1
88.0,3,Centrum,1,4+,privat,13975.0,2025-02-19,lejebolig_dk,6100,22,0.2,158.8,2,0
69.0,3,Hasle,1,1,almen,5400.0,2024-10-18,lejebolig_dk,10300,19,3.9,78.3,10,1
67.0,3,Hasle,1,1,almen,5675.0,2025-01-28,lejebolig_dk,10300,19,3.9,84.7,1,1
111.0,4,Centrum,0,2,almen,11975.0,2025-05-11,lejebolig_dk,6100,22,0.2,107.9,5,1
121.0,5,Trøjborg,0,3,privat,19050.0,2025-06-11,lejebolig_dk,7300,45,2.1,157.4,6,0
67.0,3,Åbyhøj,0,2,privat,9900.0,2024-10-26,lejebolig_dk,11200,15,3.5,147.8,10,0
114.0,4,Åbyhøj,1,stuen,privat,12700.0,2025-10-12,lejebolig_dk,11200,15,3.5,111.4,10,0
20.0,2,Centrum,1,2,privat,3350.0,2025-10-03,lejebolig_dk,6100,22,0.2,167.5,10,0
19.0,1,Aarhus C,0,3,privat,3350.0,2025-12-21,lejebolig_dk,8200,18,0.5,176.3,12,0
89.0,4,Viby,0,1,privat,10875.0,2024-11-27,lejebolig_dk,15600,28,6.0,122.2,11,0
62.0,2,Aarhus C,1,2,almen,7150.0,2025-03-10,lejebolig_dk,8200,18,0.5,115.3,3,1
82.0,3,Trøjborg,1,1,privat,11400.0,2026-05-23,lejebolig_dk,7300,45,2.1,139.0,5,0
80.0,2,Viby,1,1,almen,4975.0,2024-08-11,lejebolig_dk,15600,28,6.0,62.2,8,1
66.0,3,Skejby,1,1,almen,5350.0,2024-06-30,lejebolig_dk,6700,8,7.8,81.1,6,1
84.0,3,Trøjborg,0,2,almen,9100.0,2025-04-17,lejebolig_dk,7300,45,2.1,108.3,4,1
72.0,2,Viby,1,3,privat,7550.0,2026-07-15,lejebolig_dk,15600,28,6.0,104.9,7,0
31.0,1,Brabrand,1,3,privat,3025.0,2026-01-19,lejebolig_dk,13100,24,5.5,97.6,1,0
73.0,3,Trøjborg,1,1,privat,11300.0,2024-10-02,lejebolig_dk,7300,45,2.1,154.8,10,0
72.0,3,Hasle,1,1,almen,5375.0,2025-11-18,lejebolig_dk,10300,19,3.9,74.7,11,1
112.0,4,Åbyhøj,1,1,privat,13350.0,2024-09-02,lejebolig_dk,11200,15,3.5,119.2,9,0
41.0,1,Risskov,1,3,privat,6600.0,2026-04-11,lejebolig_dk,9400,12,4.8,161.0,4,0
68.0,3,Brabrand,0,3,privat,7525.0,2025-02-09,lejebolig_dk,13100,24,5.5,110.7,2,0
58.0,2,Viby,1,3,privat,6250.0,2025-04-10,lejebolig_dk,15600,28,6.0,107.8,4,0
65.0,3,Aarhus C,0,1,privat,11575.0,2026-02-06,lejebolig_dk,8200,18,0.5,178.1,2,0
108.0,4,Åbyhøj,0,1,almen,9750.0,2026-05-11,lejebolig_dk,11200,15,3.5,90.3,5,1
77.0,3,Risskov,1,4+,privat,11575.0,2024-06-29,lejebolig_dk,9400,12,4.8,150.3,6,0
57.0,2,Åbyhøj,0,2,privat,7425.0,2025-12-28,lejebolig_dk,11200,15,3.5,130.3,12,0
72.0,3,Skejby,0,3,almen,6825.0,2026-04-09,lejebolig_dk,6700,8,7.8,94.8,4,1
86.0,3,Risskov,1,1,privat,13800.0,2025-04-04,lejebolig_dk,9400,12,4.8,160.5,4,0
44.0,1,Vejlby,0,2,privat,4725.0,2024-08-18,lejebolig_dk,9800,20,5.2,107.4,8,0
62.0,2,Centrum,0,1,privat,10600.0,2024-12-23,lejebolig_dk,6100,22,0.2,171.0,12,0
105.0,3,Trøjborg,0,2,privat,15075.0,2025-04-13,lejebolig_dk,7300,45,2.1,143.6,4,0
89.0,3,Hasle,1,2,privat,10575.0,2025-01-22,lejebolig_dk,10300,19,3.9,118.8,1,0
67.0,3,Skejby,0,4+,privat,9550.0,2024-08-18,lejebolig_dk,6700,8,7.8,142.5,8,0
57.0,2,Risskov,1,1,almen,6050.0,2026-06-11,lejebolig_dk,9400,12,4.8,106.1,6,1
64.0,3,Centrum,1,3,almen,6975.0,2026-07-12,lejebolig_dk,6100,22,0.2,109.0,7,1
31.0,2,Vejlby,1,1,privat,3650.0,2026-01-02,lejebolig_dk,9800,20,5.2,117.7,1,0
91.0,2,Trøjborg,0,2,almen,8550.0,2025-03-13,lejebolig_dk,7300,45,2.1,94.0,3,1
76.0,3,Brabrand,1,4+,almen,4850.0,2025-02-28,lejebolig_dk,13100,24,5.5,63.8,2,1
71.0,2,Risskov,0,1,privat,11825.0,2025-07-13,lejebolig_dk,9400,12,4.8,166.5,7,0
37.0,2,Hasle,1,2,almen,2975.0,2025-04-18,lejebolig_dk,10300,19,3.9,80.4,4,1
51.0,2,Centrum,0,4+,almen,5800.0,2025-04-03,lejebolig_dk,6100,22,0.2,113.7,4,1
80.0,3,Viby,0,3,almen,6650.0,2025-04-10,lejebolig_dk,15600,28,6.0,83.1,4,1
74.0,3,Hasle,1,4+,privat,8425.0,2026-04-25,lejebolig_dk,10300,19,3.9,113.9,4,0
56.0,2,Centrum,1,2,almen,6050.0,2025-01-14,lejebolig_dk,6100,22,0.2,108.0,1,1
80.0,3,Trøjborg,0,1,privat,11725.0,2026-07-22,lejebolig_dk,7300,45,2.1,146.6,7,0
91.0,2,Skejby,0,stuen,privat,12525.0,2025-07-08,lejebolig_dk,6700,8,7.8,137.6,7,0
52.0,1,Trøjborg,1,4+,privat,7975.0,2026-04-12,lejebolig_dk,7300,45,2.1,153.4,4,0
55.0,2,Aarhus C,0,stuen,almen,6675.0,2025-03-23,lejebolig_dk,8200,18,0.5,121.4,3,1
47.0,1,Viby,1,4+,almen,3575.0,2025-07-14,lejebolig_dk,15600,28,6.0,76.1,7,1
40.0,1,Trøjborg,0,4+,privat,5750.0,2026-06-12,lejebolig_dk,7300,45,2.1,143.8,6,0
87.0,4,Centrum,1,4+,privat,15625.0,2025-01-27,lejebolig_dk,6100,22,0.2,179.6,1,0
80.0,3,Aarhus C,0,3,almen,9075.0,2025-04-25,lejebolig_dk,8200,18,0.5,113.4,4,1
76.0,3,Åbyhøj,0,3,almen,7050.0,2024-10-13,lejebolig_dk,11200,15,3.5,92.8,10,1
40.0,1,Risskov,0,1,privat,5875.0,2025-05-25,lejebolig_dk,9400,12,4.8,146.9,5,0
43.0,2,Viby,1,3,privat,4925.0,2025-10-20,lejebolig_dk,15600,28,6.0,114.5,10,0
66.0,2,Centrum,0,2,privat,11675.0,2025-04-30,lejebolig_dk,6100,22,0.2,176.9,4,0
58.0,2,Aarhus C,0,2,privat,10775.0,2025-11-15,lejebolig_dk,8200,18,0.5,185.8,11,0
71.0,2,Hasle,1,stuen,almen,4875.0,2025-01-14,lejebolig_dk,10300,19,3.9,68.7,1,1
51.0,2,Trøjborg,1,stuen,almen,4675.0,2025-12-03,lejebolig_dk,7300,45,2.1,91.7,12,1
84.0,4,Hasle,1,3,privat,9575.0,2025-02-10,lejebolig_dk,10300,19,3.9,114.0,2,0
111.0,3,Åbyhøj,0,stuen,almen,7825.0,2024-07-25,lejebolig_dk,11200,15,3.5,70.5,7,1
105.0,3,Hasle,1,3,almen,8800.0,2024-06-17,lejebolig_dk,10300,19,3.9,83.8,6,1
107.0,4,Brabrand,1,2,almen,7750.0,2026-07-05,lejebolig_dk,13100,24,5.5,72.4,7,1
70.0,2,Aarhus C,0,stuen,almen,7100.0,2025-12-07,lejebolig_dk,8200,18,0.5,101.4,12,1
90.0,3,Centrum,1,2,privat,14975.0,2026-03-31,lejebolig_dk,6100,22,0.2,166.4,3,0
59.0,3,Centrum,0,3,almen,7050.0,2025-03-24,lejebolig_dk,6100,22,0.2,119.5,3,1
90.0,3,Brabrand,0,4+,almen,5750.0,2026-05-13,lejebolig_dk,13100,24,5.5,63.9,5,1
59.0,3,Skejby,0,1,almen,4775.0,2025-01-31,lejebolig_dk,6700,8,7.8,80.9,1,1
56.0,2,Hasle,1,1,privat,7150.0,2025-04-27,lejebolig_dk,10300,19,3.9,127.7,4,0
53.0,1,Brabrand,1,2,privat,5175.0,2025-01-15,lejebolig_dk,13100,24,5.5,97.6,1,0
85.0,3,Viby,1,2,privat,9475.0,2024-09-04,lejebolig_dk,15600,28,6.0,111.5,9,0
75.0,3,Hasle,1,1,privat,9250.0,2026-05-11,lejebolig_dk,10300,19,3.9,123.3,5,0
72.0,2,Brabrand,1,1,privat,7075.0,2025-05-30,lejebolig_dk,13100,24,5.5,98.3,5,0
41.0,1,Vejlby,0,stuen,privat,5025.0,2024-11-21,lejebolig_dk,9800,20,5.2,122.6,11,0
71.0,3,Viby,1,2,privat,8275.0,2024-06-30,lejebolig_dk,15600,28,6.0,116.5,6,0
